,Client_Income,House_Own,Credit_Amount,Client_Marital_Status,Client_Gender,Age_Days,Employed_Days,Client_Family_Members,prob_0,Band
7,16082.0,1.0,5000.0,2,0,22265.0,10904.0,0.0,0.9953971925586271,1
8,8508.0,0.0,10000.0,0,1,14965.0,1241.0,1.0,0.9221661903669208,7
11,8089.0,1.0,5000.0,0,1,10220.0,2501.0,3.0,0.888254188278653,9
18,31917.0,0.0,10000.0,2,1,14235.0,5758.0,1.0,0.963553915286494,3
22,40241.0,1.0,10000.0,0,1,14965.0,3363.0,1.0,0.9785145849588521,2
28,14850.0,1.0,10000.0,2,0,20805.0,3316.0,1.0,0.9850123928643906,1
38,11170.0,0.0,5000.0,2,0,20440.0,6336.0,4.0,0.9912394297316118,1
39,22630.0,0.0,10000.0,0,0,12775.0,6127.0,0.0,0.9251989714750771,7
40,5336.0,1.0,20000.0,0,1,20805.0,9650.0,2.0,0.8964483292624039,9
42,13430.0,1.0,5000.0,0,1,17155.0,9601.0,5.0,0.9820008730617108,1
43,7009.0,1.0,5000.0,2,1,14600.0,7348.0,1.0,0.9568315971089565,4
51,13268.0,1.0,5000.0,0,1,17155.0,9608.0,4.0,0.9818779497311573,1
52,10908.0,1.0,5000.0,1,1,13505.0,1540.0,1.0,0.9530984185432655,4
80,10707.0,0.0,10000.0,2,0,13140.0,3409.0,1.0,0.8914860849694769,9
87,10994.0,0.0,10000.0,0,0,14235.0,4808.0,1.0,0.9157177324149208,7
93,21307.0,1.0,20000.0,3,1,22630.0,6966.0,1.0,0.964465287203123,3
108,4646.0,1.0,10000.0,0,1,21535.0,13236.0,0.0,0.9801519262101265,1
111,13031.0,1.0,5000.0,2,0,13140.0,2710.0,1.0,0.9529279166787606,4
123,5599.0,0.0,5000.0,2,1,17885.0,10143.0,1.0,0.9790561301051114,1
133,9790.0,1.0,10000.0,2,1,16425.0,3682.0,0.0,0.9469170725712691,5
145,7204.0,1.0,5000.0,0,0,18615.0,11851.0,1.0,0.9835184257091488,1
157,11568.0,1.0,20000.0,2,1,20805.0,11431.0,0.0,0.9182219536914658,7
159,15207.0,1.0,5000.0,3,1,18980.0,4124.0,1.0,0.9894976013667525,1
162,20517.0,1.0,10000.0,0,0,13505.0,771.0,2.0,0.9323549926909664,6
167,24015.0,1.0,10000.0,0,1,15695.0,251.0,4.0,0.9650358358372085,3
182,13467.0,1.0,5000.0,0,1,9125.0,140.0,1.0,0.8847488331413513,9
186,21055.0,1.0,5000.0,3,0,22995.0,16304.0,0.0,0.9968349319700806,1
187,19383.0,1.0,5000.0,2,0,13870.0,4724.0,1.0,0.9693345589603264,3
195,13385.0,0.0,5000.0,0,0,18980.0,6044.0,4.0,0.9885893017133703,1
204,27030.0,0.0,10000.0,0,1,12775.0,5195.0,1.0,0.9373689897736741,6
205,35048.0,1.0,5000.0,0,0,11315.0,2189.0,2.0,0.9705604393607333,2
209,12601.0,1.0,5000.0,0,0,20440.0,2385.0,1.0,0.9918568787927634,1
216,22611.0,0.0,10000.0,0,1,20805.0,5617.0,3.0,0.9891107418296171,1
218,18574.0,0.0,10000.0,2,1,13870.0,940.0,1.0,0.9328068067376373,6
224,17089.0,0.0,20000.0,2,0,18980.0,6000.0,2.0,0.9018860048766312,8
228,3687.0,1.0,5000.0,2,0,18250.0,2956.0,0.0,0.9797047228826297,1
234,4920.0,1.0,5000.0,0,0,11315.0,2821.0,4.0,0.9010219355148915,8
242,24030.0,0.0,10000.0,2,0,22995.0,5204.0,0.0,0.9940264579283064,1
245,13896.0,1.0,10000.0,0,0,18980.0,2822.0,2.0,0.9757163948088752,2
250,32381.0,1.0,5000.0,2,0,20075.0,6423.0,4.0,0.9960982210300756,1
254,8749.0,0.0,5000.0,2,1,18615.0,1370.0,0.0,0.9850565503852275,1
272,10782.0,1.0,5000.0,0,1,13140.0,3814.0,4.0,0.9482602208594821,5
288,15334.0,1.0,5000.0,0,1,11315.0,3801.0,1.0,0.9339871510190556,6
292,14542.0,1.0,5000.0,0,0,17885.0,4840.0,1.0,0.9858411973565767,1
293,11174.0,1.0,5000.0,2,1,19345.0,8416.0,1.0,0.9884609565816066,1
295,7153.0,1.0,10000.0,0,1,17155.0,2792.0,1.0,0.9504020908545099,5
308,12873.0,1.0,5000.0,2,0,10220.0,2202.0,1.0,0.907039810897015,8
317,5014.0,0.0,5000.0,0,1,18615.0,4704.0,0.0,0.9823365590526144,1
321,7090.0,0.0,5000.0,2,1,13870.0,2495.0,1.0,0.9496151588190205,5
326,15951.0,0.0,5000.0,0,1,12775.0,3066.0,0.0,0.9543773149209595,4
334,7827.0,1.0,5000.0,2,0,16425.0,1888.0,1.0,0.9735035388335644,2
343,5667.0,0.0,20000.0,2,0,20805.0,6938.0,3.0,0.8985477359804683,9
352,14393.0,0.0,5000.0,1,0,10220.0,600.0,3.0,0.9127736175039003,8
363,24079.0,0.0,5000.0,0,0,18980.0,2202.0,2.0,0.9928262624076166,1
373,13978.0,0.0,5000.0,3,0,22265.0,13841.0,2.0,0.9949198350360742,1
378,19589.0,0.0,5000.0,3,0,13870.0,756.0,1.0,0.9699678847108231,2
388,11537.0,1.0,20000.0,3,0,22630.0,8797.0,3.0,0.9467745135777172,5
413,14464.0,0.0,20000.0,0,1,19345.0,11426.0,1.0,0.8984011410148213,9
424,22176.0,0.0,10000.0,2,0,19345.0,5949.0,3.0,0.9841255732813314,1
436,15242.0,0.0,5000.0,0,1,15695.0,4702.0,3.0,0.9765671009146277,2
445,16372.0,0.0,10000.0,0,0,14235.0,5950.0,1.0,0.9315806795314596,6
454,9226.0,1.0,5000.0,0,1,21900.0,14851.0,2.0,0.9931784585803238,1
464,10579.0,1.0,20000.0,0,1,19345.0,3321.0,1.0,0.8849247329011407,9
469,10014.0,1.0,5000.0,0,0,14235.0,7535.0,0.0,0.9583328045192926,4
475,28206.0,1.0,5000.0,2,0,6935.0,54.0,3.0,0.8931654745003678,9
477,13026.0,0.0,10000.0,3,0,20075.0,689.0,5.0,0.9808269534863553,1
490,7919.0,0.0,5000.0,0,0,11680.0,4388.0,1.0,0.9184965077742276,7
506,23790.0,1.0,5000.0,0,1,21170.0,5880.0,3.0,0.9957201587801334,1
514,10175.0,1.0,5000.0,2,0,18980.0,4469.0,3.0,0.9870021173921275,1
518,14192.0,1.0,10000.0,0,0,17885.0,10615.0,0.0,0.9679909217035033,3
528,19776.0,0.0,10000.0,3,0,12045.0,2278.0,2.0,0.9024398584680713,8
529,6449.0,0.0,5000.0,2,1,11680.0,3486.0,1.0,0.9139066476201607,8
530,13349.0,1.0,10000.0,0,1,17155.0,1567.0,2.0,0.9616210236465098,3
540,28465.0,0.0,10000.0,0,0,18980.0,3122.0,1.0,0.9867932742604593,1
549,20229.0,1.0,10000.0,0,0,13870.0,5050.0,4.0,0.9363157084185946,6
555,11138.0,0.0,20000.0,0,0,20440.0,881.0,1.0,0.9124053356931021,8
556,7059.0,0.0,20000.0,2,1,20805.0,13673.0,1.0,0.9019372734764187,8
568,29574.0,1.0,5000.0,0,1,21535.0,9830.0,0.0,0.9969027373411805,1
572,10670.0,0.0,5000.0,0,0,20440.0,7670.0,4.0,0.9910142549738828,1
580,24812.0,1.0,5000.0,0,0,17520.0,1283.0,1.0,0.9900675978301422,1
600,10628.0,1.0,10000.0,2,0,15330.0,2252.0,0.0,0.9340053478253536,6
611,14881.0,1.0,5000.0,2,0,10220.0,198.0,1.0,0.9145173630061081,7
617,14372.0,0.0,5000.0,2,0,9490.0,487.0,1.0,0.89717883171174,9
641,18455.0,0.0,5000.0,2,1,21900.0,144.0,1.0,0.9955994852647162,1
649,12818.0,0.0,5000.0,0,1,9490.0,176.0,1.0,0.8909992148512615,9
660,18420.0,0.0,10000.0,3,0,13870.0,6048.0,1.0,0.9313530951550003,6
662,20593.0,1.0,5000.0,0,1,21900.0,8071.0,6.0,0.9958782974381292,1
669,14469.0,1.0,10000.0,2,1,21535.0,13271.0,3.0,0.9868540939471563,1
671,9912.0,1.0,20000.0,2,1,21170.0,9059.0,3.0,0.9202693755796458,7
678,40852.0,0.0,30000.0,2,0,22265.0,1584.0,3.0,0.9213116166872913,7
682,14967.0,1.0,5000.0,3,0,18250.0,334.0,6.0,0.9874615791443341,1
684,54378.0,1.0,10000.0,0,0,11315.0,2915.0,1.0,0.9711699165369768,2
690,6338.0,1.0,5000.0,0,0,11680.0,212.0,6.0,0.9143599945490369,7
693,11385.0,0.0,10000.0,0,1,18250.0,4550.0,2.0,0.9676905505922979,3
696,10582.0,0.0,5000.0,0,0,18250.0,9612.0,4.0,0.9844733749705236,1
702,17779.0,0.0,5000.0,0,1,22265.0,14251.0,0.0,0.9956711027189695,1
709,7750.0,1.0,5000.0,2,0,19345.0,2351.0,0.0,0.9869245440408284,1
716,11091.0,0.0,10000.0,3,1,16790.0,1197.0,1.0,0.9541483879841299,4
717,8505.0,0.0,5000.0,0,0,10950.0,565.0,3.0,0.9070529518248492,8
726,4935.0,1.0,5000.0,2,0,18980.0,1144.0,1.0,0.9839692706810448,1
730,15046.0,0.0,5000.0,0,0,14600.0,3334.0,3.0,0.9693549164539389,3
736,5960.0,0.0,10000.0,0,0,17520.0,4979.0,1.0,0.951920718471675,4
741,14722.0,0.0,5000.0,3,0,15330.0,8218.0,3.0,0.9735539902730492,2
756,8279.0,1.0,20000.0,3,1,21535.0,5638.0,1.0,0.9225809888169723,7
758,14318.0,1.0,20000.0,0,1,21535.0,1324.0,0.0,0.9398758650286818,6
760,28709.0,0.0,10000.0,0,1,14235.0,4210.0,2.0,0.9586300773225089,4
761,43545.0,0.0,5000.0,1,0,9855.0,2323.0,6.0,0.9705482940571163,2
773,9093.0,0.0,10000.0,2,0,17885.0,1417.0,0.0,0.9616268945600793,3
784,8622.0,0.0,5000.0,0,1,18250.0,7107.0,1.0,0.983275302928504,1
785,24751.0,1.0,10000.0,2,1,11680.0,2261.0,0.0,0.912636903888186,8
800,15869.0,1.0,5000.0,0,1,9125.0,2347.0,0.0,0.8941210074122838,9
801,36040.0,0.0,5000.0,0,0,20075.0,9309.0,0.0,0.9966290878429068,1
805,10493.0,1.0,5000.0,2,1,20075.0,6631.0,0.0,0.9901294855519578,1
807,29096.0,1.0,20000.0,2,1,22630.0,4687.0,0.0,0.9744331163753782,2
810,18024.0,1.0,10000.0,0,0,14235.0,2995.0,2.0,0.9365033523641777,6
814,11104.0,0.0,5000.0,2,1,14235.0,1884.0,0.0,0.9608382469497019,3
816,16978.0,0.0,10000.0,0,1,13505.0,6678.0,1.0,0.9208207282644082,7
817,23261.0,0.0,5000.0,2,1,12775.0,3950.0,2.0,0.9660906731914864,3
841,7848.0,1.0,5000.0,0,0,20805.0,1337.0,0.0,0.9909298878827483,1
851,10101.0,1.0,5000.0,0,0,14965.0,4071.0,0.0,0.9654935928482123,3
870,27631.0,1.0,10000.0,2,1,11680.0,4510.0,1.0,0.9214251649643843,7
872,16297.0,1.0,10000.0,0,0,14965.0,5635.0,1.0,0.9421452701443418,5
875,10340.0,0.0,10000.0,0,1,13140.0,132.0,1.0,0.8909885491457715,9
881,28050.0,0.0,5000.0,0,0,18250.0,10420.0,0.0,0.9925489234611935,1
895,7631.0,1.0,10000.0,2,1,18980.0,4149.0,0.0,0.968382803651737,3
899,32016.0,1.0,5000.0,0,0,17885.0,4852.0,3.0,0.9932291670084248,1
900,14683.0,1.0,10000.0,0,0,17155.0,10083.0,2.0,0.962697057686808,3
904,18767.0,1.0,5000.0,0,1,9125.0,513.0,3.0,0.9057679608840915,8
905,15127.0,1.0,5000.0,2,1,22630.0,12293.0,2.0,0.9956006131446615,1
907,12653.0,0.0,10000.0,0,0,20440.0,12609.0,1.0,0.9815000330418104,1
922,38945.0,1.0,10000.0,0,1,12775.0,1496.0,3.0,0.9617948630817545,3
939,7273.0,1.0,10000.0,1,1,15330.0,3775.0,0.0,0.9242776018573872,7
940,18748.0,1.0,5000.0,0,0,11315.0,4279.0,1.0,0.9423331531196075,5
951,13779.0,0.0,10000.0,0,0,22265.0,11638.0,0.0,0.9887426282478378,1
953,28911.0,1.0,5000.0,0,1,15695.0,6332.0,0.0,0.9867132817775566,1
960,17491.0,1.0,5000.0,0,1,22630.0,5371.0,2.0,0.9961079426742727,1
967,5205.0,1.0,5000.0,1,1,22995.0,15634.0,1.0,0.993809953371503,1
981,21083.0,1.0,20000.0,0,1,18980.0,8518.0,3.0,0.91533660355769,7
992,5046.0,1.0,5000.0,0,1,13140.0,3656.0,2.0,0.9348859885495479,6
1001,14757.0,1.0,10000.0,0,1,13870.0,2225.0,0.0,0.921558783610935,7
1005,11168.0,1.0,5000.0,2,1,11315.0,2563.0,1.0,0.9224363137436886,7
1008,21883.0,1.0,10000.0,0,1,20075.0,7557.0,0.0,0.9864879717580055,1
1032,9965.0,1.0,20000.0,3,0,21535.0,4984.0,0.0,0.9277040830791172,7
1033,10373.0,1.0,10000.0,2,0,22630.0,12621.0,1.0,0.9880805350318502,1
1035,28704.0,1.0,10000.0,3,0,17885.0,7864.0,6.0,0.9826545932519272,1
1036,5600.0,1.0,10000.0,0,1,15330.0,8760.0,1.0,0.9179330050638058,7
1053,13964.0,0.0,5000.0,1,0,16425.0,9281.0,1.0,0.9789974533620633,1
1064,16217.0,1.0,5000.0,0,1,22995.0,11015.0,0.0,0.996177651444987,1
1076,5871.0,0.0,10000.0,0,1,19345.0,10120.0,1.0,0.9682713742234595,3
1079,9494.0,1.0,5000.0,0,0,20440.0,6928.0,2.0,0.9905787166586408,1
1080,17212.0,1.0,5000.0,3,0,12775.0,927.0,0.0,0.9569462610636085,4
1089,13228.0,0.0,5000.0,0,0,20805.0,10063.0,4.0,0.9925723603975438,1
1095,9516.0,1.0,5000.0,3,0,21900.0,2965.0,0.0,0.9935123442168927,1
1099,15676.0,0.0,10000.0,0,1,18615.0,3761.0,3.0,0.9752936044309208,2
1100,6973.0,1.0,5000.0,2,0,17885.0,6959.0,1.0,0.9804216909230495,1
1121,7277.0,0.0,5000.0,0,1,17520.0,9154.0,1.0,0.9787285269495455,1
1130,9317.0,1.0,10000.0,0,1,20440.0,13807.0,2.0,0.9786515542608373,1
1131,17511.0,0.0,20000.0,2,0,18615.0,9803.0,0.0,0.8941221046304131,9
1133,23693.0,0.0,10000.0,0,1,15330.0,2156.0,0.0,0.9611118805701094,3
1138,15800.0,1.0,10000.0,0,0,13870.0,3706.0,1.0,0.92438292543562,7
1148,19807.0,1.0,5000.0,0,1,17520.0,5512.0,3.0,0.9875677010468599,1
1155,7085.0,1.0,10000.0,0,0,14235.0,1923.0,1.0,0.9027437380359895,8
1169,21603.0,1.0,10000.0,2,1,14235.0,7171.0,2.0,0.9442964269058249,5
1171,7019.0,0.0,5000.0,0,0,21535.0,12006.0,0.0,0.9918797624657639,1
1176,5547.0,0.0,10000.0,0,0,13870.0,964.0,1.0,0.8884478921004644,9
1184,23495.0,0.0,20000.0,2,0,18250.0,6138.0,3.0,0.9096960197806098,8
1186,16381.0,1.0,5000.0,2,0,21170.0,1395.0,1.0,0.9942224059861735,1
1190,13594.0,1.0,10000.0,2,0,15695.0,914.0,1.0,0.9464086591136185,5
1210,8530.0,1.0,20000.0,2,1,22630.0,4215.0,0.0,0.9407544231224447,5
1234,14516.0,0.0,10000.0,0,0,19345.0,8106.0,2.0,0.9779779477672417,2
1236,4657.0,0.0,5000.0,2,1,13870.0,3695.0,3.0,0.9442100076656249,5
1241,8508.0,1.0,5000.0,2,1,12775.0,4658.0,1.0,0.9380874926883294,6
1251,13341.0,0.0,5000.0,0,0,15330.0,6911.0,1.0,0.972108552122273,2
1253,12039.0,0.0,5000.0,1,1,21535.0,12786.0,3.0,0.9934180979850591,1
1254,5537.0,1.0,5000.0,2,0,10950.0,1486.0,0.0,0.8955413967333841,9
1259,7925.0,1.0,10000.0,0,1,21535.0,10137.0,2.0,0.9828656682901209,1
1260,4429.0,1.0,10000.0,2,1,15330.0,4069.0,2.0,0.9152666599122297,7
1261,12017.0,1.0,10000.0,2,0,16425.0,4457.0,1.0,0.9513783927454917,4
1274,8789.0,1.0,10000.0,0,0,14235.0,657.0,0.0,0.9092757577993105,8
1287,12022.0,1.0,5000.0,0,1,12045.0,3214.0,0.0,0.9365192912867869,6
1298,24985.0,1.0,5000.0,3,1,14965.0,1660.0,2.0,0.9815486563094392,1
1311,22054.0,1.0,5000.0,2,0,16425.0,3618.0,3.0,0.9852997125014704,1
1332,7264.0,0.0,5000.0,2,1,18250.0,4311.0,1.0,0.9824511578187219,1
1334,9707.0,1.0,10000.0,0,0,17155.0,5750.0,5.0,0.9548844253649268,4
1338,7898.0,1.0,10000.0,0,0,13870.0,4596.0,0.0,0.8969318412470475,9
1340,16013.0,0.0,5000.0,0,1,12045.0,450.0,3.0,0.946369303272155,5
1345,5604.0,0.0,5000.0,2,0,21170.0,4709.0,1.0,0.9907855690090641,1
1368,21301.0,0.0,10000.0,0,0,18615.0,10712.0,1.0,0.9800280970772565,1
1382,16248.0,0.0,5000.0,3,0,10220.0,2261.0,0.0,0.9184716204352926,7
1387,14595.0,1.0,5000.0,2,0,13505.0,6177.0,1.0,0.9590669366190469,4
1389,6489.0,0.0,5000.0,3,0,21900.0,1368.0,2.0,0.9926623976178144,1
1393,18386.0,1.0,5000.0,0,1,20075.0,6664.0,0.0,0.9929299462090796,1
1394,20004.0,0.0,5000.0,2,1,22630.0,13593.0,3.0,0.9964088977689963,1
1405,5901.0,0.0,10000.0,0,0,20805.0,7600.0,1.0,0.9779043190504448,2
1414,15254.0,1.0,10000.0,0,0,15330.0,5684.0,0.0,0.9445997908802114,5
1416,27660.0,1.0,5000.0,0,0,13505.0,5620.0,1.0,0.9761770853384598,2
1419,12281.0,0.0,10000.0,2,1,14965.0,3681.0,0.0,0.9324674945100148,6
1429,15315.0,1.0,10000.0,2,0,20440.0,11299.0,0.0,0.9835208818980629,1
1440,5818.0,0.0,10000.0,0,0,16790.0,4486.0,5.0,0.9426743703784539,5
1447,20991.0,1.0,10000.0,2,0,19345.0,1089.0,1.0,0.9835704397547134,1
1451,10621.0,1.0,5000.0,0,1,15695.0,1861.0,1.0,0.9718580665089616,2
1456,21007.0,1.0,10000.0,0,1,13870.0,5159.0,1.0,0.9382454674050631,6
1459,19100.0,1.0,20000.0,0,0,22995.0,12683.0,3.0,0.963707707959254,3
1470,8005.0,1.0,5000.0,2,1,18250.0,2413.0,1.0,0.9830893531169608,1
1471,11905.0,1.0,5000.0,0,1,21170.0,10806.0,3.0,0.9928030618364901,1
1484,5517.0,1.0,5000.0,2,1,13140.0,1794.0,4.0,0.9364547306327108,6
1486,13767.0,1.0,10000.0,3,0,19345.0,12665.0,0.0,0.9769521716756178,2
1495,25916.0,1.0,10000.0,0,0,14600.0,2751.0,3.0,0.9576742856914864,4
1505,13686.0,1.0,10000.0,2,1,15330.0,5979.0,1.0,0.9409419377040922,5
1522,51397.0,0.0,30000.0,0,1,20440.0,10873.0,1.0,0.9188810636880866,7
1531,7167.0,1.0,10000.0,0,1,13505.0,1526.0,1.0,0.8861169223404688,9
1542,12654.0,1.0,5000.0,0,0,13870.0,958.0,3.0,0.9600205485272184,4
1543,8618.0,0.0,5000.0,2,1,20805.0,7782.0,0.0,0.9910384471653505,1
1580,20811.0,0.0,10000.0,0,1,13870.0,2208.0,1.0,0.9383099535102347,6
1584,5099.0,1.0,5000.0,3,1,15330.0,2332.0,2.0,0.9613706419167709,3
1587,16064.0,1.0,5000.0,2,0,18250.0,10721.0,5.0,0.9876269312956504,1
1609,8135.0,0.0,5000.0,0,0,14600.0,2948.0,0.0,0.95932681205891,4
1614,7342.0,1.0,10000.0,0,1,14235.0,3262.0,0.0,0.9033270975495696,8
1629,15865.0,1.0,10000.0,0,0,22630.0,1011.0,2.0,0.9908886074258089,1
1631,18844.0,1.0,5000.0,2,0,13140.0,6543.0,4.0,0.9624375369018741,3
1637,7318.0,1.0,10000.0,2,1,20075.0,5166.0,0.0,0.9753276304847075,2
1641,20043.0,1.0,10000.0,1,1,17520.0,2731.0,1.0,0.9732328139425394,2
1652,11102.0,0.0,10000.0,0,0,14235.0,7504.0,1.0,0.915404790133849,7
1657,5006.0,0.0,10000.0,2,1,21535.0,8311.0,0.0,0.9807491654664341,1
1669,17152.0,1.0,5000.0,0,1,17520.0,1966.0,3.0,0.9862531205127677,1
1678,33424.0,0.0,10000.0,0,1,12775.0,2567.0,2.0,0.9519805390293683,4
1687,8523.0,0.0,10000.0,2,1,22630.0,92.0,2.0,0.9876162713962323,1
1691,11916.0,0.0,5000.0,1,0,20440.0,2116.0,1.0,0.9916246801182992,1
1692,5686.0,1.0,10000.0,0,1,14235.0,1848.0,3.0,0.8974002800209122,9
1694,24381.0,0.0,5000.0,2,0,12045.0,5172.0,0.0,0.9612917692070844,3
1702,10140.0,0.0,10000.0,0,0,15330.0,3015.0,0.0,0.9325569965075118,6
1703,17621.0,1.0,10000.0,0,0,15695.0,3928.0,3.0,0.9540583474648598,4
1708,7456.0,1.0,5000.0,0,1,12775.0,5651.0,4.0,0.9352372039449492,6
1710,12088.0,0.0,5000.0,0,0,15330.0,1652.0,0.0,0.9711000928410818,2
1711,19507.0,1.0,10000.0,3,0,14965.0,467.0,0.0,0.9499653823853045,5
1717,19246.0,0.0,10000.0,0,1,16790.0,8654.0,1.0,0.9664067764342621,3
1750,10177.0,0.0,10000.0,2,0,16790.0,1548.0,1.0,0.9523614634476563,4
1754,7405.0,1.0,10000.0,0,0,22995.0,2727.0,2.0,0.9880306589917428,1
1755,11191.0,0.0,5000.0,0,1,17520.0,5479.0,0.0,0.9821476198238007,1
1758,12846.0,0.0,5000.0,0,0,14235.0,779.0,1.0,0.9636643548042716,3
1759,24166.0,1.0,5000.0,2,1,11315.0,2677.0,0.0,0.9539059462336789,4
1760,22738.0,1.0,10000.0,0,0,17155.0,1401.0,1.0,0.9739681501893938,2
1762,18602.0,0.0,5000.0,0,1,18980.0,1777.0,4.0,0.9909680550611433,1
1764,14672.0,1.0,20000.0,3,0,20805.0,10539.0,1.0,0.9278197143835603,7
1765,19865.0,1.0,10000.0,2,0,16425.0,9559.0,1.0,0.9641589448406931,3
1770,9874.0,1.0,5000.0,0,0,22995.0,4385.0,0.0,0.9951010870935256,1
1774,16397.0,0.0,10000.0,0,0,21535.0,9958.0,2.0,0.9880058527649243,1
1778,7551.0,1.0,10000.0,0,0,20440.0,9710.0,2.0,0.9773133945184075,2
1781,6441.0,1.0,10000.0,0,1,16790.0,8203.0,6.0,0.9434602994137627,5
1786,49893.0,1.0,10000.0,0,1,19345.0,12217.0,1.0,0.9949784200256434,1
1787,9030.0,0.0,10000.0,3,1,13140.0,5196.0,2.0,0.8837833776801514,9
1793,4551.0,0.0,5000.0,2,1,18615.0,5847.0,3.0,0.9819256651438315,1
1800,15931.0,0.0,5000.0,0,1,19345.0,6645.0,1.0,0.9906127387111906,1
1809,43543.0,1.0,10000.0,2,1,8030.0,70.0,2.0,0.9045472721631097,8
1810,5531.0,0.0,5000.0,1,0,13870.0,5511.0,1.0,0.9458434656615184,5
1812,12660.0,0.0,5000.0,0,1,16790.0,8704.0,1.0,0.9797415645377231,1
1814,15513.0,1.0,10000.0,0,0,19345.0,4543.0,3.0,0.9791105219254085,1
1829,11111.0,1.0,10000.0,2,0,14600.0,4847.0,5.0,0.9227986111207155,7
1835,21011.0,1.0,10000.0,2,1,18980.0,7967.0,0.0,0.9816623362105126,1
1838,11991.0,0.0,5000.0,0,0,18250.0,11288.0,1.0,0.985287855002908,1
1840,11324.0,1.0,5000.0,0,0,12775.0,2757.0,2.0,0.9450242022408286,5
1841,5995.0,1.0,5000.0,0,0,20440.0,4342.0,1.0,0.9891683937122759,1
1845,14829.0,1.0,10000.0,2,1,21535.0,13139.0,1.0,0.9870572005699014,1
1856,7965.0,1.0,5000.0,0,1,20805.0,4499.0,1.0,0.9908833940527703,1
1871,6827.0,0.0,5000.0,0,1,19345.0,4743.0,1.0,0.9863033853938785,1
1874,8009.0,1.0,10000.0,0,1,17885.0,3801.0,2.0,0.9595884117783314,4
1885,6482.0,1.0,5000.0,0,0,13870.0,471.0,4.0,0.9486772206915745,5
1892,4853.0,1.0,5000.0,2,0,12775.0,228.0,1.0,0.9293314834324912,7
1894,11435.0,1.0,5000.0,0,1,17155.0,9503.0,0.0,0.9804397561333491,1
1897,22039.0,1.0,10000.0,2,1,20440.0,5855.0,1.0,0.9877907764579011,1
1911,4589.0,1.0,5000.0,2,1,13140.0,211.0,4.0,0.9343708394119674,6
1921,10765.0,1.0,20000.0,2,1,21900.0,13269.0,0.0,0.9340147528122937,6
1926,19033.0,0.0,5000.0,2,0,9855.0,2228.0,0.0,0.92056482101569,7
1941,16930.0,1.0,5000.0,2,1,11680.0,4100.0,1.0,0.9430695956905844,5
1944,7784.0,0.0,10000.0,2,1,16790.0,4501.0,3.0,0.9470382355563628,5
1946,12942.0,1.0,5000.0,2,1,17885.0,1349.0,0.0,0.9850226997982413,1
1964,13978.0,1.0,10000.0,3,0,18980.0,6617.0,2.0,0.9755097756267254,2
1969,14074.0,0.0,5000.0,0,1,9855.0,620.0,0.0,0.9041074689994949,8
1978,38015.0,0.0,10000.0,2,0,21900.0,4148.0,0.0,0.9956898285748252,1
1984,17232.0,0.0,10000.0,0,1,14965.0,7501.0,6.0,0.9439648644010269,5
1990,7228.0,0.0,5000.0,1,0,17520.0,3889.0,1.0,0.979034687384788,1
1998,8523.0,0.0,10000.0,0,1,21535.0,1381.0,0.0,0.9837454920619519,1
2017,9905.0,1.0,5000.0,3,0,14235.0,1239.0,2.0,0.9589497620257795,4
2018,8954.0,1.0,5000.0,0,1,14600.0,3587.0,1.0,0.9605904397505968,3
2022,31013.0,1.0,5000.0,2,0,14235.0,4290.0,1.0,0.9827313899866901,1
2029,23179.0,1.0,5000.0,2,1,11315.0,104.0,1.0,0.952395243784088,4
2037,26302.0,1.0,5000.0,2,1,9490.0,212.0,0.0,0.9355911522244476,6
2044,17380.0,0.0,20000.0,0,1,19345.0,9197.0,4.0,0.909792057041157,8
2046,10710.0,1.0,20000.0,0,1,20440.0,1428.0,1.0,0.9107929453422984,8
2063,11127.0,1.0,10000.0,0,1,21170.0,11788.0,0.0,0.9835372116229953,1
2066,5181.0,1.0,20000.0,3,1,22265.0,11302.0,1.0,0.9247581842702501,7
2075,9908.0,1.0,5000.0,2,1,10220.0,1188.0,0.0,0.8961184102664752,9
2097,9691.0,1.0,20000.0,0,0,22995.0,13477.0,1.0,0.9466151949745872,5
2110,22054.0,1.0,5000.0,2,1,13140.0,4993.0,0.0,0.967243107893766,3
2127,28848.0,0.0,5000.0,2,1,20805.0,8690.0,3.0,0.9961874910753228,1
2128,7068.0,0.0,10000.0,0,0,14965.0,6046.0,1.0,0.9164692818694419,7
2136,20397.0,1.0,20000.0,2,0,21900.0,13532.0,3.0,0.9552120714312855,4
2139,12943.0,1.0,10000.0,2,0,18250.0,9819.0,1.0,0.9692038133209122,3
2162,5726.0,0.0,5000.0,2,0,10950.0,1069.0,1.0,0.8964173713328174,9
2178,20002.0,0.0,5000.0,2,1,9855.0,907.0,0.0,0.9238335943710897,7
2186,18604.0,1.0,20000.0,2,0,18980.0,6660.0,3.0,0.9072785901110678,8
2188,13673.0,1.0,5000.0,0,1,19345.0,3056.0,1.0,0.989790685856295,1
2199,5496.0,1.0,10000.0,0,1,18615.0,5409.0,4.0,0.9621754425251019,3
2201,26042.0,1.0,10000.0,3,1,14235.0,6747.0,2.0,0.9535168718784133,4
2210,15219.0,0.0,20000.0,0,0,20805.0,782.0,1.0,0.931394949978649,6
2216,9093.0,1.0,5000.0,1,1,13505.0,5343.0,2.0,0.9489259875838856,5
2227,5723.0,1.0,5000.0,3,0,17155.0,10492.0,2.0,0.9751013287549274,2
2242,31345.0,1.0,20000.0,0,1,18250.0,10341.0,4.0,0.9328439090382207,6
2247,13550.0,0.0,10000.0,0,1,12775.0,3245.0,0.0,0.8944658019445857,9
2250,17028.0,0.0,20000.0,3,0,18615.0,9963.0,1.0,0.8921067761291704,9
2255,14724.0,1.0,10000.0,0,0,14600.0,7472.0,2.0,0.9325572643484318,6
2256,13439.0,1.0,5000.0,2,1,9855.0,1357.0,4.0,0.9015239995428712,8
2262,9254.0,1.0,5000.0,2,1,19345.0,7585.0,0.0,0.9875215792243722,1
2263,21718.0,0.0,5000.0,2,0,13505.0,3337.0,3.0,0.9697315929594043,2
2268,5888.0,0.0,5000.0,2,1,19345.0,7716.0,0.0,0.9856170808996612,1
2274,11878.0,0.0,10000.0,0,1,12775.0,5876.0,3.0,0.8866972834781078,9
2279,7610.0,0.0,5000.0,2,0,16425.0,1752.0,0.0,0.9732751323538552,2
2308,16133.0,0.0,5000.0,2,0,16425.0,7603.0,2.0,0.9809185610580594,1
2314,20862.0,0.0,10000.0,2,1,17885.0,8983.0,2.0,0.9758470318311862,2
2317,17309.0,0.0,5000.0,0,0,20440.0,12703.0,1.0,0.9931051967357984,1
2320,10443.0,1.0,5000.0,2,1,20440.0,7829.0,1.0,0.990923044839815,1
2321,19710.0,1.0,5000.0,2,1,18615.0,3576.0,0.0,0.9905176998827939,1
2325,20863.0,1.0,5000.0,0,0,22995.0,6634.0,2.0,0.9969062168127567,1
2336,19023.0,1.0,5000.0,0,0,18250.0,8539.0,3.0,0.9891532054017685,1
2342,7358.0,1.0,5000.0,0,1,20440.0,11147.0,0.0,0.9895503379858349,1
2353,31935.0,1.0,5000.0,3,0,7300.0,61.0,1.0,0.914752252292017,7
2357,10131.0,1.0,10000.0,2,1,14235.0,7247.0,2.0,0.9122084569740975,8
2361,20620.0,1.0,5000.0,3,0,20075.0,6940.0,4.0,0.9935626504435331,1
2374,16917.0,0.0,10000.0,0,0,21900.0,4231.0,2.0,0.9894645839306622,1
2387,10165.0,0.0,10000.0,2,0,14600.0,3536.0,3.0,0.9201845649398334,7
2390,16989.0,1.0,10000.0,0,1,17155.0,7469.0,1.0,0.9663463751543147,3
2393,15765.0,1.0,5000.0,0,1,22995.0,7097.0,0.0,0.9961520538387967,1
2399,6267.0,1.0,10000.0,0,0,21900.0,7190.0,0.0,0.9833528788456561,1
2400,10823.0,0.0,5000.0,0,0,20075.0,1877.0,1.0,0.9904120799436841,1
2406,6940.0,0.0,10000.0,2,1,16425.0,154.0,2.0,0.9410960059799812,5
2408,4984.0,1.0,5000.0,0,1,11315.0,78.0,3.0,0.9020458131297588,8
2414,23707.0,0.0,10000.0,2,1,17155.0,4130.0,1.0,0.9747811977958883,2
2419,12495.0,1.0,5000.0,2,1,17155.0,4684.0,0.0,0.9815700544298085,1
2425,14551.0,1.0,5000.0,0,0,15330.0,3217.0,1.0,0.9737785921668286,2
2427,16518.0,0.0,5000.0,0,0,18615.0,6713.0,3.0,0.9890412922761044,1
2437,12965.0,0.0,5000.0,2,0,22265.0,2003.0,3.0,0.9948934696772668,1
2438,12201.0,1.0,5000.0,0,0,17155.0,6577.0,0.0,0.9812302744686547,1
2445,14704.0,0.0,5000.0,0,0,11315.0,4108.0,1.0,0.9322489603905019,6
2450,29529.0,1.0,5000.0,3,1,18250.0,2440.0,1.0,0.9931769888650539,1
2452,31192.0,1.0,5000.0,2,1,22630.0,10186.0,0.0,0.9977926904679935,1
2455,9469.0,0.0,10000.0,2,0,20805.0,6649.0,0.0,0.9810207515987545,1
2461,12091.0,0.0,5000.0,0,1,17520.0,5275.0,0.0,0.9828193582064898,1
2464,20240.0,0.0,5000.0,2,1,17155.0,4855.0,0.0,0.9866780417984458,1
2466,10994.0,1.0,5000.0,2,0,14235.0,2736.0,1.0,0.960557864826958,3
2469,31719.0,0.0,5000.0,0,1,7665.0,385.0,1.0,0.9208120464592499,7
2472,11248.0,1.0,5000.0,0,1,13870.0,3011.0,6.0,0.9573865552096329,4
2475,7883.0,1.0,5000.0,0,1,17155.0,2545.0,1.0,0.9778030570988516,2
2478,6570.0,0.0,10000.0,2,0,13870.0,2293.0,3.0,0.8922897810441063,9
2497,15148.0,1.0,10000.0,0,1,18615.0,553.0,1.0,0.9749974225077537,2
2501,9806.0,1.0,20000.0,0,0,21170.0,12616.0,6.0,0.9190920837476481,7
2506,11241.0,1.0,5000.0,0,0,15330.0,1295.0,5.0,0.9701021628387497,2
2523,13485.0,1.0,5000.0,0,1,20075.0,11814.0,3.0,0.9911570059485544,1
2529,6309.0,1.0,5000.0,2,0,17885.0,1112.0,0.0,0.9802375430096161,1
2530,15275.0,0.0,10000.0,0,0,13140.0,3660.0,1.0,0.9088785327825593,8
2543,20458.0,0.0,10000.0,0,0,18980.0,7356.0,0.0,0.9812690161782857,1
2550,8018.0,0.0,5000.0,0,0,14235.0,4486.0,3.0,0.9552184697810675,4
2560,11950.0,1.0,5000.0,0,1,22265.0,7218.0,1.0,0.9945792677475939,1
2562,19614.0,1.0,10000.0,3,0,14600.0,2986.0,2.0,0.9452977975555913,5
2564,7218.0,1.0,5000.0,0,0,16425.0,4552.0,0.0,0.9725983214796433,2
2572,8216.0,1.0,10000.0,0,0,17885.0,1315.0,3.0,0.9602351817424357,4
2578,11329.0,1.0,5000.0,2,1,13870.0,3057.0,2.0,0.9575212511697608,4
2593,11614.0,0.0,5000.0,3,1,18615.0,1486.0,0.0,0.9867476294328374,1
2595,7505.0,1.0,5000.0,1,0,19345.0,5430.0,2.0,0.9866595596825409,1
2600,10523.0,0.0,5000.0,3,0,18615.0,6461.0,3.0,0.985905012708149,1
2604,14209.0,1.0,10000.0,0,1,15695.0,5205.0,4.0,0.9470368441466827,5
2606,9806.0,1.0,10000.0,1,1,20440.0,11577.0,4.0,0.9792290333461278,1
2623,17654.0,0.0,10000.0,2,1,20075.0,3133.0,0.0,0.9840844715147998,1
2653,22523.0,1.0,10000.0,2,0,11680.0,1057.0,1.0,0.905090573268648,8
2658,14277.0,0.0,10000.0,0,0,17520.0,8025.0,1.0,0.9654621056921975,3
2663,3803.0,1.0,20000.0,0,1,20805.0,13675.0,2.0,0.888951141996598,9
2664,5661.0,1.0,10000.0,0,1,17155.0,346.0,3.0,0.9477057860632544,5
2674,10202.0,0.0,5000.0,0,0,16425.0,2957.0,1.0,0.9759140519128042,2
2675,15658.0,1.0,5000.0,2,1,21535.0,14335.0,2.0,0.9943261416383451,1
2679,31461.0,0.0,20000.0,3,0,16425.0,226.0,0.0,0.9016481327176683,8
2686,15869.0,1.0,20000.0,0,1,21170.0,14268.0,1.0,0.9360364782716623,6
2692,24750.0,1.0,10000.0,3,0,18250.0,8281.0,4.0,0.9812485809394057,1
2693,9157.0,1.0,10000.0,0,1,13505.0,3532.0,3.0,0.893795034310673,9
2694,14086.0,1.0,20000.0,1,1,21170.0,9004.0,1.0,0.9324028047746316,6
2696,11944.0,1.0,10000.0,0,0,12775.0,2722.0,4.0,0.8879906901947814,9
2704,4891.0,1.0,10000.0,0,0,22630.0,14765.0,1.0,0.9848861947928946,1
2731,14995.0,1.0,5000.0,3,1,21170.0,2010.0,1.0,0.9938607256856694,1
2739,17500.0,1.0,10000.0,2,0,12045.0,4730.0,1.0,0.892802964979213,9
2751,20506.0,1.0,5000.0,2,0,18615.0,1303.0,1.0,0.9908973386763411,1
2753,12716.0,1.0,20000.0,2,1,18980.0,6996.0,0.0,0.8837740011996809,9
2756,16814.0,1.0,5000.0,3,0,18980.0,2195.0,3.0,0.9902464225546516,1
2758,9212.0,0.0,10000.0,0,0,18615.0,3953.0,1.0,0.9676854216166735,3
2760,4195.0,1.0,10000.0,0,1,14600.0,6627.0,3.0,0.8984693499184933,9
2770,11893.0,1.0,5000.0,0,0,18980.0,1206.0,3.0,0.9880337585559604,1
2772,14444.0,1.0,10000.0,0,1,21900.0,12951.0,3.0,0.9879785070752423,1
2799,16138.0,0.0,5000.0,2,1,14600.0,3454.0,1.0,0.9706975565078356,2
2802,17130.0,0.0,5000.0,2,1,19345.0,10360.0,4.0,0.9909704266485286,1
2809,9666.0,1.0,5000.0,2,1,21900.0,2586.0,2.0,0.9935612350360425,1
2810,16581.0,1.0,10000.0,2,1,12045.0,2155.0,0.0,0.8898068763493955,9
2814,20056.0,1.0,5000.0,0,0,18980.0,8925.0,0.0,0.9913110744107473,1
2821,11292.0,0.0,10000.0,0,1,15695.0,8020.0,1.0,0.9399304954604717,6
2831,15871.0,0.0,10000.0,2,1,21900.0,11484.0,0.0,0.9887328314944946,1
2840,9871.0,0.0,5000.0,2,0,21535.0,275.0,5.0,0.9930671532539616,1
2845,6778.0,1.0,5000.0,0,0,11315.0,2647.0,2.0,0.9079141238097919,8
2862,5847.0,0.0,5000.0,2,0,15695.0,2740.0,1.0,0.9656277841825087,3
2872,13370.0,0.0,5000.0,0,1,17520.0,4170.0,2.0,0.9837732586684537,1
2875,12319.0,0.0,10000.0,2,0,13505.0,2735.0,0.0,0.9061505996128424,8
2876,10768.0,0.0,5000.0,0,0,17155.0,8044.0,4.0,0.9799788122013877,1
2881,10080.0,1.0,5000.0,2,0,13505.0,2481.0,0.0,0.9513548199656768,4
2884,9011.0,1.0,10000.0,0,0,13140.0,5005.0,3.0,0.8837631219031332,9
2891,23117.0,0.0,5000.0,2,1,12775.0,1969.0,4.0,0.9660978045301061,3
2911,10508.0,0.0,5000.0,3,0,17885.0,5794.0,0.0,0.9831772580335254,1
2912,14278.0,0.0,10000.0,2,1,17885.0,308.0,1.0,0.9691102863114154,3
2940,9596.0,1.0,5000.0,3,0,22265.0,12265.0,1.0,0.9939130173371887,1
2946,30351.0,1.0,5000.0,0,1,10220.0,1460.0,1.0,0.9537254730223866,4
2949,5920.0,1.0,5000.0,0,0,16425.0,5698.0,3.0,0.9709803348899125,2
2952,18912.0,1.0,10000.0,2,1,19345.0,3660.0,2.0,0.9819286535373838,1
2954,21538.0,1.0,5000.0,2,1,15695.0,4567.0,1.0,0.9819933330389717,1
2966,16213.0,1.0,5000.0,0,1,21535.0,571.0,0.0,0.9946963685520035,1
2998,13790.0,1.0,10000.0,2,1,12775.0,4607.0,6.0,0.8950180548950141,9
3008,14724.0,0.0,5000.0,1,0,21900.0,11357.0,0.0,0.9946564881765844,1
3016,17989.0,1.0,5000.0,2,1,16425.0,5124.0,5.0,0.9824825325548373,1
3017,4057.0,1.0,10000.0,1,0,21535.0,14746.0,0.0,0.9795604965464954,1
3023,11004.0,1.0,5000.0,0,1,18980.0,4406.0,3.0,0.9874504611780682,1
3036,10373.0,0.0,5000.0,2,1,19345.0,9351.0,1.0,0.9880293090949077,1
3058,24826.0,1.0,5000.0,0,0,16425.0,4377.0,1.0,0.9868858211659218,1
3068,14833.0,1.0,5000.0,2,0,9125.0,399.0,1.0,0.8904762231233228,9
3071,17896.0,1.0,5000.0,2,0,12045.0,5447.0,1.0,0.9495390107659297,5
3078,10881.0,0.0,10000.0,0,1,19345.0,1663.0,3.0,0.9748910563137088,2
3084,7409.0,1.0,5000.0,3,1,22995.0,10023.0,3.0,0.9944622210774904,1
3086,32986.0,1.0,10000.0,0,0,15330.0,7397.0,4.0,0.9730617305030732,2
3088,8116.0,1.0,5000.0,2,0,17155.0,10404.0,1.0,0.9774687713671142,2
3090,12575.0,0.0,10000.0,0,1,18250.0,6797.0,0.0,0.9690244012509094,3
3101,16646.0,0.0,5000.0,2,0,9490.0,1304.0,1.0,0.9055627675091178,8
3110,7852.0,1.0,10000.0,0,1,18250.0,10919.0,3.0,0.9618904781418812,3
3115,23378.0,1.0,20000.0,2,0,18250.0,10156.0,3.0,0.9082158077613501,8
3125,20514.0,1.0,10000.0,0,1,18980.0,11137.0,1.0,0.9810889987828547,1
3134,13463.0,0.0,10000.0,0,1,14600.0,2502.0,1.0,0.930139009559803,7
3140,16925.0,0.0,5000.0,0,0,11315.0,89.0,3.0,0.9387382001049502,6
3155,13536.0,1.0,20000.0,2,1,19345.0,2253.0,1.0,0.8974725636034301,9
3165,24222.0,1.0,5000.0,2,0,18980.0,10971.0,3.0,0.9926675060467468,1
3174,14869.0,0.0,5000.0,0,0,18980.0,8750.0,1.0,0.9891890922750092,1
3176,12549.0,1.0,5000.0,0,0,22265.0,14802.0,0.0,0.9945857434147372,1
3177,11163.0,0.0,10000.0,0,0,22995.0,10665.0,3.0,0.9895241687259451,1
3182,14691.0,0.0,5000.0,0,0,15695.0,1737.0,1.0,0.9762450122345,2
3183,17268.0,1.0,10000.0,3,1,18250.0,10472.0,2.0,0.9742049015067583,2
3197,4408.0,0.0,5000.0,2,0,17155.0,8688.0,0.0,0.9738507201468045,2
3215,15934.0,1.0,20000.0,0,0,22265.0,8557.0,0.0,0.9514882521410094,4
3224,8410.0,0.0,10000.0,2,1,22995.0,12976.0,1.0,0.9881479026498945,1
3228,32895.0,1.0,5000.0,0,0,11315.0,1799.0,1.0,0.9678593971526701,3
3230,17790.0,0.0,10000.0,0,0,13140.0,5580.0,1.0,0.9169121155125238,7
3236,23886.0,1.0,10000.0,1,0,11680.0,4038.0,0.0,0.9091806425207567,8
3238,10657.0,1.0,10000.0,0,1,19345.0,6995.0,2.0,0.9742299274386407,2
3242,7974.0,0.0,10000.0,0,0,22630.0,15028.0,0.0,0.9867124941082736,1
3250,9491.0,0.0,5000.0,0,0,13505.0,1317.0,4.0,0.9503556484973095,5
3255,12763.0,1.0,20000.0,0,1,22265.0,4923.0,3.0,0.9454556075048828,5
3260,36788.0,1.0,20000.0,2,1,22630.0,1454.0,3.0,0.9816386954628286,1
3266,9395.0,1.0,10000.0,0,1,17885.0,842.0,0.0,0.9621665816291092,3
3275,18594.0,1.0,5000.0,0,1,14235.0,5728.0,1.0,0.9708917730472065,2
3276,15758.0,1.0,10000.0,2,0,17520.0,5254.0,1.0,0.9677858451359025,3
3278,14496.0,0.0,20000.0,1,0,21170.0,7068.0,0.0,0.9338813185657763,6
3293,14062.0,0.0,5000.0,0,0,22265.0,78.0,2.0,0.995155612862033,1
3301,20862.0,1.0,10000.0,2,0,22995.0,329.0,0.0,0.9932735973702349,1
3308,18809.0,0.0,10000.0,0,0,22995.0,14952.0,0.0,0.9923127315314731,1
3310,12385.0,0.0,5000.0,3,0,15695.0,295.0,2.0,0.973971892728062,2
3325,9802.0,1.0,10000.0,3,1,21170.0,6481.0,0.0,0.9828857307502222,1
3335,8254.0,0.0,5000.0,3,0,22630.0,11868.0,2.0,0.9941190058444133,1
3340,6753.0,1.0,10000.0,0,0,14600.0,3312.0,0.0,0.9088823358014785,8
3341,14238.0,1.0,10000.0,0,1,20075.0,619.0,1.0,0.9817792130333355,1
3343,25542.0,0.0,5000.0,0,0,11315.0,3571.0,1.0,0.9562987648920833,4
3345,10469.0,1.0,10000.0,0,1,21170.0,2388.0,3.0,0.9835713616785291,1
3347,19968.0,1.0,20000.0,0,0,18615.0,4066.0,3.0,0.9052316384902755,8
3349,7996.0,1.0,10000.0,2,1,14965.0,1473.0,1.0,0.9205299676246281,7
3352,6999.0,1.0,20000.0,1,0,20805.0,8396.0,1.0,0.9032017785748748,8
3358,8684.0,0.0,20000.0,2,1,21900.0,11855.0,1.0,0.9286312130471209,7
3362,14302.0,0.0,10000.0,2,0,18615.0,8174.0,1.0,0.9734783417295265,2
3363,9302.0,0.0,5000.0,3,1,20075.0,10283.0,1.0,0.9894994183079484,1
3373,30464.0,0.0,10000.0,0,0,22265.0,6970.0,5.0,0.9945244025276331,1
3382,47974.0,1.0,5000.0,0,0,8395.0,824.0,0.0,0.9653246935565238,3
3383,29646.0,1.0,10000.0,1,0,11315.0,3822.0,3.0,0.9212476374196382,7
3385,7263.0,1.0,10000.0,0,1,16425.0,5398.0,4.0,0.9409262866848854,5
3389,27032.0,1.0,5000.0,0,0,19345.0,6511.0,0.0,0.9941347437863524,1
3396,4495.0,1.0,5000.0,2,0,12045.0,490.0,0.0,0.915225249193727,7
3407,12015.0,0.0,20000.0,0,1,22630.0,10262.0,0.0,0.9475592852165121,5
3411,5814.0,0.0,10000.0,2,0,22630.0,4804.0,0.0,0.9859121496366845,1
3416,10463.0,1.0,10000.0,1,0,15695.0,9033.0,0.0,0.9377133668675828,6
3417,23542.0,1.0,5000.0,0,0,22630.0,12638.0,0.0,0.996919719264632,1
3441,18394.0,0.0,5000.0,2,0,16425.0,3494.0,3.0,0.9828656653424647,1
3448,14559.0,0.0,10000.0,2,0,16790.0,359.0,1.0,0.9603039876668948,4
3450,28257.0,0.0,5000.0,2,0,18250.0,10900.0,2.0,0.9926026247822181,1
3454,19263.0,1.0,5000.0,0,1,13505.0,3198.0,3.0,0.9665170352591604,3
3472,10436.0,1.0,10000.0,0,1,18250.0,9297.0,0.0,0.9659026375900234,3
3480,15452.0,0.0,20000.0,0,1,19345.0,8905.0,4.0,0.9028948853759801,8
3494,5882.0,1.0,5000.0,0,0,15330.0,5379.0,1.0,0.9622380379125423,3
3498,5566.0,1.0,10000.0,2,0,16425.0,5277.0,1.0,0.9367958098848898,6
3505,31334.0,1.0,10000.0,0,1,13870.0,868.0,3.0,0.9598839337365587,4
3514,9015.0,0.0,10000.0,2,0,16790.0,131.0,4.0,0.950277437910997,5
3519,10977.0,0.0,10000.0,3,1,18250.0,2099.0,3.0,0.9673911794694267,3
3521,5662.0,1.0,5000.0,2,0,19345.0,12539.0,1.0,0.9852566078774067,1
3525,21528.0,0.0,20000.0,1,0,18980.0,4647.0,0.0,0.9177386894732459,7
3535,25995.0,1.0,20000.0,0,1,21900.0,6546.0,0.0,0.9651475550833167,3
3538,9242.0,1.0,5000.0,0,0,18615.0,2018.0,0.0,0.985332876385312,1
3561,9242.0,1.0,5000.0,0,1,15330.0,5569.0,0.0,0.9670941106997692,3
3563,20675.0,1.0,10000.0,3,1,14235.0,3537.0,1.0,0.9428099034274728,5
3568,10905.0,1.0,5000.0,0,0,18250.0,1710.0,4.0,0.9850604378813012,1
3572,7343.0,0.0,5000.0,3,0,13140.0,4488.0,1.0,0.9404518253649875,6
3589,5140.0,1.0,5000.0,1,1,17520.0,8405.0,1.0,0.9768005662263525,2
3591,15743.0,1.0,5000.0,2,1,14600.0,6568.0,3.0,0.9699243718287982,2
3607,26889.0,1.0,5000.0,2,0,8030.0,102.0,1.0,0.9120516060870343,8
3621,10995.0,1.0,10000.0,0,1,17520.0,9892.0,1.0,0.9602501913535706,4
3636,22375.0,0.0,10000.0,0,0,14600.0,5174.0,1.0,0.9507490525208285,5
3643,25459.0,0.0,10000.0,0,1,13870.0,6844.0,4.0,0.9481078639096913,5
3645,16397.0,0.0,5000.0,0,0,17885.0,10690.0,0.0,0.9866591171128212,1
3649,10156.0,1.0,10000.0,2,0,22995.0,7097.0,3.0,0.989192627927186,1
3652,8654.0,1.0,20000.0,2,0,22265.0,13762.0,0.0,0.9339519462303538,6
3671,13471.0,1.0,20000.0,0,1,20075.0,946.0,2.0,0.9130977891669431,8
3689,32864.0,1.0,20000.0,2,0,21170.0,3123.0,3.0,0.969048847073923,3
3690,22877.0,0.0,10000.0,1,1,13505.0,4440.0,0.0,0.9377491481489398,6
3700,17111.0,0.0,5000.0,0,1,17885.0,1655.0,2.0,0.9874194494537424,1
3706,11248.0,0.0,5000.0,3,1,18980.0,9126.0,1.0,0.9873915270062996,1
3708,21852.0,0.0,5000.0,0,0,18615.0,11013.0,0.0,0.9911309512539951,1
3722,7714.0,1.0,5000.0,0,0,12775.0,4515.0,1.0,0.9361188493334625,6
3723,7085.0,0.0,10000.0,0,1,16790.0,5549.0,3.0,0.9453494233397861,5
3724,14495.0,1.0,20000.0,0,0,22630.0,9860.0,4.0,0.9526311015005571,4
3731,8677.0,0.0,5000.0,0,1,14235.0,5188.0,4.0,0.9563113632095454,4
3747,40600.0,0.0,10000.0,0,0,22265.0,1510.0,1.0,0.9965009578724323,1
3753,14232.0,1.0,10000.0,0,0,22995.0,13978.0,5.0,0.9907000553722334,1
3755,18732.0,1.0,10000.0,0,1,14235.0,1911.0,1.0,0.9384765607136893,6
3759,21003.0,0.0,10000.0,0,1,20075.0,10944.0,3.0,0.9858273840849465,1
3768,4775.0,0.0,5000.0,0,0,14965.0,5361.0,3.0,0.9569016104865491,4
3769,19693.0,0.0,20000.0,0,0,18615.0,8618.0,3.0,0.902947808416485,8
3791,12748.0,1.0,5000.0,0,1,21170.0,8334.0,0.0,0.9931099488130978,1
3796,12909.0,0.0,5000.0,0,0,19345.0,8139.0,4.0,0.9892845450211264,1
3804,15791.0,0.0,5000.0,2,0,9490.0,2318.0,3.0,0.902110978062654,8
3812,18085.0,0.0,5000.0,0,0,22630.0,13055.0,3.0,0.9961105305014509,1
3816,7223.0,1.0,20000.0,2,1,20805.0,3333.0,0.0,0.905434475740044,8
3823,9219.0,1.0,5000.0,1,1,16790.0,3312.0,1.0,0.9770063783715293,2
3836,12176.0,1.0,10000.0,2,0,16425.0,2425.0,1.0,0.9519900926859256,4
3878,13416.0,1.0,20000.0,2,0,21170.0,9777.0,0.0,0.9304190031547679,7
3883,10369.0,1.0,5000.0,2,1,9855.0,2850.0,0.0,0.8888012328041494,9
3884,5911.0,0.0,10000.0,0,0,21535.0,8309.0,2.0,0.9814646181099989,1
3886,18396.0,1.0,20000.0,2,1,18980.0,11489.0,2.0,0.9052079320645864,8
3888,13760.0,1.0,10000.0,2,1,15695.0,4155.0,2.0,0.9462398307810561,5
3889,8564.0,1.0,5000.0,0,0,18250.0,287.0,1.0,0.9835916512460552,1
3902,17751.0,0.0,20000.0,0,0,21535.0,558.0,0.0,0.9477575340203329,5
3915,30490.0,1.0,5000.0,0,0,19345.0,9374.0,2.0,0.9948883627614096,1
3922,11107.0,1.0,10000.0,0,1,15695.0,690.0,0.0,0.940807422503425,5
3931,14122.0,1.0,5000.0,0,0,14600.0,296.0,0.0,0.9684616321515008,3
3936,7661.0,1.0,20000.0,3,1,21170.0,470.0,2.0,0.9151018847564916,7
3939,9750.0,1.0,5000.0,0,0,22630.0,13218.0,1.0,0.9944566518705317,1
3947,14824.0,1.0,20000.0,0,0,18615.0,5700.0,0.0,0.8841297695155848,9
3949,24965.0,1.0,5000.0,2,0,16790.0,3894.0,0.0,0.9880962981652469,1
3950,4503.0,1.0,5000.0,2,0,15695.0,6920.0,1.0,0.9632011177066315,3
3962,32250.0,0.0,10000.0,0,1,19345.0,5956.0,2.0,0.9896118725234022,1
3970,6767.0,1.0,5000.0,0,1,18250.0,4968.0,1.0,0.9820448161912434,1
3975,9247.0,1.0,10000.0,2,1,20805.0,3857.0,1.0,0.9810113355192864,1
3985,14603.0,1.0,5000.0,0,1,14235.0,1722.0,0.0,0.9660998571465749,3
3995,11485.0,1.0,5000.0,3,1,15695.0,2835.0,3.0,0.9727658033154098,2
3999,8659.0,0.0,10000.0,0,0,13140.0,1069.0,3.0,0.8835186458126837,9
4009,6426.0,1.0,5000.0,0,0,18615.0,4813.0,2.0,0.9833459088140984,1
4015,20685.0,0.0,20000.0,2,1,21900.0,8624.0,1.0,0.9563963307526422,4
4021,8248.0,1.0,10000.0,2,0,21535.0,3421.0,1.0,0.9834506546108033,1
4030,7335.0,0.0,5000.0,0,1,12045.0,3253.0,1.0,0.9235382469385154,7
4039,13193.0,1.0,20000.0,0,1,21535.0,10338.0,1.0,0.9353797362464757,6
4040,25153.0,0.0,5000.0,0,0,7665.0,437.0,0.0,0.89782089120255,9
4048,4755.0,1.0,10000.0,3,0,15330.0,4742.0,0.0,0.9161729136055685,7
4051,14760.0,1.0,5000.0,0,0,22630.0,2669.0,0.0,0.9956668642473654,1
4070,8439.0,1.0,5000.0,3,1,17520.0,9480.0,2.0,0.9797153410584445,1
4075,7936.0,1.0,5000.0,2,0,12775.0,2448.0,5.0,0.9370750663122897,6
4077,11482.0,1.0,10000.0,0,1,18980.0,2488.0,1.0,0.9731818550537726,2
4086,22092.0,0.0,5000.0,3,1,15695.0,8342.0,0.0,0.9821957181762193,1
4097,27509.0,1.0,5000.0,0,1,17520.0,10295.0,2.0,0.9908794511585501,1
4104,10289.0,1.0,5000.0,1,1,20805.0,11963.0,0.0,0.9915378406022244,1
4111,14119.0,1.0,5000.0,0,1,12045.0,4959.0,2.0,0.9413244128108293,5
4115,10509.0,0.0,5000.0,3,1,11680.0,1491.0,0.0,0.9270239088966905,7
4125,17612.0,1.0,5000.0,2,1,21535.0,12122.0,5.0,0.9948142014772905,1
4132,13717.0,0.0,5000.0,0,1,15330.0,2152.0,0.0,0.972945072727468,2
4135,14754.0,0.0,5000.0,0,1,19345.0,4198.0,0.0,0.9902107105087079,1
4137,14640.0,1.0,5000.0,0,0,21170.0,14278.0,3.0,0.9935189588268637,1
4141,5120.0,1.0,5000.0,1,0,12045.0,12.0,0.0,0.917386916352499,7
4145,4829.0,1.0,5000.0,2,0,17155.0,8879.0,0.0,0.9742887172065472,2
4147,17763.0,0.0,10000.0,0,0,15695.0,1822.0,0.0,0.9546168160425242,4
4149,25867.0,1.0,5000.0,0,1,15695.0,4086.0,1.0,0.9850061242394014,1
4152,9945.0,1.0,5000.0,0,0,16790.0,4325.0,5.0,0.9776207317852044,2
4163,13404.0,1.0,5000.0,2,0,12045.0,4448.0,2.0,0.9397103726673027,6
4176,9678.0,1.0,5000.0,2,0,18980.0,4871.0,0.0,0.9867104616323223,1
4182,10043.0,1.0,10000.0,0,0,15695.0,7684.0,1.0,0.936915371937322,6
4189,45275.0,0.0,10000.0,2,1,22995.0,826.0,2.0,0.9976110659765584,1
4191,4324.0,1.0,5000.0,2,1,17520.0,9040.0,1.0,0.9759509367918324,2
4199,16761.0,1.0,5000.0,2,1,9490.0,2903.0,1.0,0.9055432533185315,8
4201,12971.0,1.0,10000.0,0,0,13140.0,4534.0,1.0,0.9001554950496103,8
4227,10597.0,1.0,5000.0,0,0,20440.0,1262.0,0.0,0.9911683711268303,1
4229,25510.0,1.0,5000.0,0,0,12045.0,4106.0,0.0,0.9631657038444286,3
4233,7529.0,1.0,10000.0,2,1,14600.0,5668.0,0.0,0.9109747975661988,8
4234,16378.0,0.0,10000.0,0,1,21170.0,3786.0,2.0,0.9871271558236582,1
4235,4830.0,0.0,5000.0,1,0,17885.0,8041.0,2.0,0.9785152819299773,2
4247,18908.0,1.0,5000.0,2,0,16790.0,5821.0,1.0,0.9845478041589643,1
4248,10938.0,0.0,10000.0,1,1,22630.0,79.0,1.0,0.988815130177389,1
4258,21148.0,1.0,10000.0,2,0,22265.0,4813.0,3.0,0.9919306935989487,1
4263,33581.0,1.0,5000.0,1,1,6935.0,230.0,1.0,0.9131053074294837,8
4266,6822.0,1.0,10000.0,2,1,14600.0,5254.0,1.0,0.9086094375092075,8
4267,14913.0,1.0,10000.0,3,1,22995.0,15316.0,4.0,0.9909253220772298,1
4272,10458.0,1.0,10000.0,0,1,20075.0,1059.0,4.0,0.9786304029977504,1
4273,10397.0,1.0,10000.0,0,0,22265.0,12719.0,1.0,0.9869741536642783,1
4278,24770.0,0.0,5000.0,0,0,12045.0,4914.0,0.0,0.9619347040960129,3
4282,9449.0,1.0,10000.0,0,0,20440.0,12046.0,0.0,0.9788859953016009,1
4294,11788.0,1.0,5000.0,0,0,16790.0,1383.0,0.0,0.9794680765920704,1
4300,4845.0,1.0,10000.0,3,1,17155.0,3453.0,1.0,0.9454418405835963,5
4302,18941.0,1.0,20000.0,2,0,17885.0,2102.0,1.0,0.8847372702201639,9
4303,8763.0,1.0,10000.0,2,0,21900.0,10619.0,2.0,0.9848452661208635,1
4306,17016.0,1.0,5000.0,0,1,12045.0,1227.0,0.0,0.9483773602783911,5
4320,11432.0,1.0,10000.0,2,0,21535.0,7740.0,4.0,0.9853223981594454,1
4329,7925.0,1.0,10000.0,2,1,15330.0,3319.0,3.0,0.9263008865601553,7
4337,12548.0,1.0,5000.0,0,0,14600.0,7756.0,1.0,0.9655580751443928,3
4343,24491.0,0.0,20000.0,2,0,17155.0,3151.0,6.0,0.8899487277332172,9
4353,24649.0,1.0,5000.0,1,1,15695.0,3951.0,4.0,0.9842260428554921,1
4359,10887.0,1.0,5000.0,0,0,22630.0,14418.0,0.0,0.9946973707768814,1
4374,19371.0,1.0,10000.0,3,0,21535.0,14461.0,3.0,0.9892670788672304,1
4383,6226.0,1.0,10000.0,2,1,15695.0,7588.0,1.0,0.9266028345154683,7
4386,2457.0,1.0,20000.0,3,1,21170.0,4210.0,3.0,0.895073210293173,9
4404,26853.0,1.0,20000.0,0,1,19345.0,8989.0,4.0,0.9379504027546881,6
4408,18102.0,1.0,5000.0,3,1,14965.0,5245.0,1.0,0.9751309159170697,2
4418,20308.0,1.0,5000.0,0,1,18250.0,9012.0,3.0,0.9897102399215999,1
4426,16256.0,0.0,10000.0,2,0,16425.0,4813.0,1.0,0.9590457243142482,4
4429,5730.0,1.0,5000.0,2,0,13140.0,4785.0,4.0,0.9364239635118752,6
4444,11706.0,1.0,10000.0,0,1,14600.0,1686.0,0.0,0.9252914858910163,7
4447,12288.0,0.0,10000.0,0,1,21170.0,2461.0,2.0,0.9847754588106091,1
4451,11766.0,1.0,5000.0,1,1,16790.0,4739.0,0.0,0.9792312452908439,1
4455,19810.0,0.0,10000.0,0,0,15695.0,6195.0,3.0,0.9576871577819043,4
4460,9857.0,1.0,20000.0,0,0,22995.0,13658.0,1.0,0.9469426414686146,5
4472,10756.0,1.0,5000.0,2,1,17520.0,2285.0,1.0,0.9820015235680866,1
4477,4506.0,0.0,10000.0,2,1,15330.0,7895.0,2.0,0.9145662824193818,7
4480,19087.0,0.0,20000.0,0,0,22265.0,9550.0,0.0,0.9572010750554962,4
4484,7763.0,1.0,10000.0,2,0,22995.0,15006.0,0.0,0.9877417088773248,1
4505,11719.0,1.0,5000.0,0,0,16425.0,8017.0,0.0,0.9770271113634694,2
4512,19118.0,1.0,20000.0,1,1,18980.0,8335.0,5.0,0.908661010126,8
4514,16006.0,1.0,10000.0,2,0,12045.0,4638.0,1.0,0.8865804137048614,9
4517,3847.0,1.0,5000.0,0,0,11680.0,340.0,3.0,0.9056316268049677,8
4519,21048.0,1.0,5000.0,2,0,15695.0,1117.0,0.0,0.9818188122759411,1
4520,6744.0,0.0,20000.0,1,1,20440.0,1551.0,1.0,0.8960253805304623,9
4521,15598.0,1.0,5000.0,1,1,16790.0,3400.0,0.0,0.9823816723110197,1
4524,9111.0,0.0,5000.0,3,1,12775.0,1769.0,0.0,0.9400887824349906,6
4547,22790.0,1.0,5000.0,3,1,14235.0,7084.0,1.0,0.9754404710973963,2
4550,22583.0,0.0,5000.0,2,0,16425.0,7737.0,0.0,0.9854343639896993,1
4551,9825.0,0.0,5000.0,0,1,12775.0,3970.0,3.0,0.9413924075811884,5
4554,9739.0,1.0,5000.0,0,0,21535.0,13747.0,0.0,0.9927224325722894,1
4557,41872.0,1.0,10000.0,2,0,12045.0,5467.0,1.0,0.9591730406763259,4
4562,8813.0,1.0,10000.0,0,1,15330.0,3817.0,1.0,0.9287391188972954,7
4563,9397.0,1.0,10000.0,2,0,18615.0,12013.0,1.0,0.9671183683268659,3
4568,10318.0,1.0,10000.0,2,1,15695.0,7190.0,0.0,0.937697711814183,6
4577,6567.0,1.0,10000.0,2,1,15330.0,6844.0,0.0,0.921433009623192,7
4578,14304.0,1.0,10000.0,3,0,15330.0,590.0,0.0,0.9433216151596774,5
4589,10708.0,0.0,10000.0,0,0,16790.0,5126.0,1.0,0.9528652631086062,4
4594,4993.0,0.0,5000.0,0,1,22630.0,1417.0,2.0,0.9934687552544458,1
4603,17242.0,0.0,10000.0,0,0,18615.0,4708.0,3.0,0.9767839615730362,2
4620,5113.0,1.0,5000.0,2,1,12045.0,2321.0,1.0,0.9168007005814237,7
4627,37857.0,1.0,10000.0,2,1,10950.0,400.0,2.0,0.9387731918936482,6
4633,9548.0,1.0,5000.0,2,1,16790.0,4529.0,1.0,0.9772327296873446,2
4636,19626.0,1.0,5000.0,0,1,10950.0,3117.0,0.0,0.9395882678061106,6
4637,5285.0,1.0,10000.0,0,1,16425.0,2465.0,1.0,0.9366204593011784,6
4638,22881.0,0.0,5000.0,0,1,18250.0,9062.0,0.0,0.9907682634851921,1
4645,7018.0,1.0,10000.0,1,0,21170.0,5126.0,0.0,0.9808515598798078,1
4646,47454.0,0.0,30000.0,0,0,22630.0,13876.0,0.0,0.9422961351401739,5
4650,6459.0,0.0,10000.0,2,1,14600.0,5581.0,4.0,0.9072274783829309,8
4661,13244.0,1.0,20000.0,0,0,19345.0,10141.0,1.0,0.8939443453852909,9
4687,22736.0,0.0,20000.0,2,0,20440.0,10140.0,4.0,0.9431208841236073,5
4692,7437.0,1.0,5000.0,0,1,17885.0,10398.0,0.0,0.9805889314763714,1
4704,32565.0,0.0,20000.0,0,1,19345.0,12237.0,0.0,0.9502132625170947,5
4706,11451.0,0.0,5000.0,2,0,14965.0,6687.0,0.0,0.9670949683420309,3
4721,19038.0,1.0,5000.0,0,0,22630.0,14689.0,1.0,0.9962452926649432,1
4726,27027.0,1.0,10000.0,3,1,12045.0,705.0,3.0,0.9268254113580879,7
4727,7242.0,1.0,10000.0,0,0,15695.0,737.0,1.0,0.930923346714477,7
4730,11509.0,0.0,10000.0,2,1,13140.0,3211.0,1.0,0.8948106446007116,9
4752,5374.0,1.0,20000.0,2,1,21170.0,13990.0,1.0,0.9034928999939991,8
4754,11821.0,0.0,5000.0,1,0,20440.0,1842.0,0.0,0.9915982946874798,1
4758,15634.0,1.0,5000.0,1,1,14600.0,876.0,0.0,0.9703192043648837,2
4762,23826.0,0.0,20000.0,2,0,22630.0,8872.0,1.0,0.9677786457744295,3
4775,8151.0,1.0,10000.0,1,1,17885.0,6734.0,3.0,0.959457968770119,4
4776,9835.0,0.0,20000.0,0,0,22995.0,15995.0,1.0,0.9465170059676901,5
4779,9438.0,0.0,20000.0,1,0,22630.0,4109.0,3.0,0.94289455816955,5
4788,13339.0,0.0,5000.0,0,0,22265.0,2494.0,0.0,0.9949659778948694,1
4792,3337.0,0.0,5000.0,2,1,22265.0,9588.0,6.0,0.9921328533248834,1
4804,6525.0,1.0,10000.0,1,1,17885.0,9330.0,0.0,0.956326250383856,4
4805,10779.0,1.0,10000.0,2,1,13505.0,437.0,1.0,0.9010738732850273,8
4829,16285.0,1.0,5000.0,2,1,20440.0,10612.0,0.0,0.9928474619122754,1
4848,19925.0,0.0,10000.0,0,0,18980.0,5135.0,4.0,0.9809800940592035,1
4849,15036.0,1.0,5000.0,2,0,9855.0,2469.0,3.0,0.9071069813376775,8
4852,12299.0,0.0,10000.0,2,0,15330.0,18.0,1.0,0.9386785178828145,6
4885,8277.0,1.0,5000.0,1,0,18250.0,6062.0,0.0,0.983087475780666,1
4897,9839.0,1.0,5000.0,2,0,14600.0,5661.0,1.0,0.9617505233413577,3
4899,11123.0,0.0,5000.0,2,0,9490.0,62.0,1.0,0.8838153527745196,9
4901,6426.0,1.0,5000.0,0,0,17885.0,979.0,0.0,0.9803422001857443,1
4918,7360.0,0.0,20000.0,0,0,22265.0,4540.0,4.0,0.932356167191014,6
4919,25625.0,1.0,5000.0,0,1,16425.0,9044.0,1.0,0.9871306631248956,1
4942,9288.0,0.0,10000.0,0,1,17885.0,2424.0,0.0,0.9618140503303605,3
4952,8618.0,0.0,5000.0,0,0,18980.0,5320.0,1.0,0.9860846856384841,1
4955,16360.0,0.0,10000.0,2,0,17155.0,4203.0,1.0,0.9658108609785978,3
4964,9050.0,0.0,5000.0,0,0,20440.0,5520.0,1.0,0.9904432239780048,1
4971,10843.0,1.0,10000.0,1,0,21535.0,13104.0,5.0,0.9846973643420317,1
4978,41870.0,0.0,10000.0,2,0,21535.0,13923.0,2.0,0.9958681698827629,1
4980,9990.0,1.0,10000.0,2,0,17155.0,10043.0,0.0,0.9548106515907933,4
4983,19138.0,0.0,5000.0,2,0,10950.0,1437.0,3.0,0.9387070966182787,6
4988,9499.0,1.0,10000.0,2,1,22630.0,9818.0,0.0,0.9877428752621662,1
4992,6028.0,0.0,10000.0,0,1,18250.0,9263.0,0.0,0.9591430516326933,4
5005,12009.0,1.0,5000.0,0,1,16790.0,1479.0,0.0,0.9796506211218436,1
5011,5896.0,1.0,5000.0,2,1,11680.0,4852.0,2.0,0.9116804219915882,8
5019,9198.0,0.0,5000.0,0,0,10220.0,342.0,1.0,0.8935243180642511,9
5045,12833.0,0.0,10000.0,2,0,14965.0,815.0,2.0,0.9345002854811593,6
5051,11240.0,0.0,10000.0,0,0,20805.0,915.0,0.0,0.9826929201530326,1
5059,10676.0,0.0,10000.0,1,1,21535.0,8753.0,1.0,0.9848001495707084,1
5070,3077.0,1.0,5000.0,0,1,13505.0,1401.0,0.0,0.9357245111791881,6
5071,14916.0,0.0,10000.0,2,1,12775.0,3134.0,1.0,0.8998720823898252,8
5072,17338.0,1.0,5000.0,1,1,13140.0,6389.0,0.0,0.9600643662644385,4
5073,9587.0,0.0,10000.0,2,0,15695.0,3937.0,2.0,0.9364754133076164,6
5085,16038.0,1.0,5000.0,0,1,14965.0,2275.0,1.0,0.9731547914700849,2
5093,11879.0,0.0,10000.0,2,1,22630.0,9811.0,1.0,0.9889130520388192,1
5104,13600.0,0.0,10000.0,1,0,17885.0,5866.0,2.0,0.9676795204724536,3
5105,9021.0,1.0,10000.0,2,1,22630.0,4830.0,3.0,0.9876898033827071,1
5107,7727.0,0.0,10000.0,0,1,22630.0,7856.0,0.0,0.9868752251201353,1
5109,11344.0,0.0,5000.0,0,1,14235.0,7012.0,1.0,0.9606033407723431,3
5127,9092.0,1.0,5000.0,2,1,18615.0,1342.0,2.0,0.9852716618692865,1
5128,16677.0,0.0,10000.0,0,1,19345.0,7756.0,3.0,0.9798999246759961,1
5147,25503.0,1.0,10000.0,0,0,22265.0,4363.0,4.0,0.9932988915936651,1
5152,6033.0,0.0,20000.0,2,0,22630.0,12946.0,1.0,0.9327973642925443,6
5155,7559.0,1.0,5000.0,2,1,15330.0,3045.0,1.0,0.9650064425524223,3
5180,10061.0,0.0,5000.0,2,0,22995.0,12833.0,3.0,0.995006882203282,1
5185,8530.0,1.0,5000.0,0,1,11315.0,595.0,0.0,0.9144899566181842,7
5187,16630.0,0.0,5000.0,0,1,11680.0,3326.0,0.0,0.9425135328341179,5
5199,42336.0,1.0,10000.0,0,1,8395.0,48.0,1.0,0.9078775513397501,8
5201,6262.0,0.0,5000.0,2,0,22265.0,6451.0,1.0,0.9931182291361491,1
5202,7248.0,0.0,5000.0,3,1,10220.0,2566.0,1.0,0.8846229653523786,9
5213,13287.0,1.0,10000.0,3,0,18980.0,9118.0,1.0,0.9745977967880997,2
5216,7461.0,1.0,5000.0,2,0,18615.0,7585.0,1.0,0.9839133336556326,1
5221,33164.0,0.0,10000.0,1,0,22265.0,15473.0,3.0,0.9949826175278498,1
5228,30249.0,0.0,5000.0,0,0,18980.0,9195.0,2.0,0.9943521433867987,1
5229,4830.0,1.0,10000.0,1,1,14965.0,6530.0,0.0,0.9087374824175093,8
5237,34869.0,1.0,5000.0,0,1,19345.0,8580.0,0.0,0.9957661948557133,1
5251,6446.0,0.0,5000.0,0,0,19345.0,12233.0,3.0,0.9857482994823653,1
5259,7423.0,1.0,20000.0,2,0,20075.0,853.0,0.0,0.8903604064492151,9
5260,7395.0,0.0,10000.0,1,0,15330.0,4973.0,3.0,0.9243725693780124,7
5261,21593.0,1.0,10000.0,2,1,18615.0,3553.0,1.0,0.9807099516132826,1
5267,27472.0,1.0,5000.0,2,1,17155.0,5274.0,4.0,0.9901658350053976,1
5268,10556.0,0.0,5000.0,2,1,16790.0,3813.0,0.0,0.9782188266424408,2
5273,27387.0,0.0,5000.0,0,1,7300.0,272.0,2.0,0.8982979968188236,9
5278,11661.0,0.0,10000.0,2,0,22630.0,2154.0,5.0,0.9890793503841852,1
5283,8366.0,0.0,5000.0,0,1,18615.0,1967.0,3.0,0.9847855155088459,1
5309,7027.0,1.0,10000.0,3,0,14600.0,4185.0,4.0,0.909615350268657,8
5316,18597.0,1.0,5000.0,0,0,12775.0,4061.0,1.0,0.9589207271859794,4
5319,27579.0,0.0,5000.0,0,1,18615.0,10451.0,2.0,0.9930519617257522,1
5330,16770.0,0.0,5000.0,3,1,20440.0,1349.0,1.0,0.9931967401608244,1
5334,13482.0,1.0,5000.0,2,0,21900.0,1812.0,1.0,0.9945364881242006,1
5338,10217.0,0.0,10000.0,2,1,15330.0,3219.0,3.0,0.9327221734235139,6
5339,38423.0,1.0,5000.0,0,1,22265.0,7956.0,2.0,0.9982365515351032,1
5346,10231.0,1.0,10000.0,0,0,20075.0,8070.0,2.0,0.9779468375794429,2
5350,7960.0,1.0,10000.0,3,1,22265.0,11768.0,3.0,0.9856114560443064,1
5352,16955.0,1.0,5000.0,1,1,13505.0,2425.0,1.0,0.9632690686894699,3
5357,5767.0,0.0,5000.0,0,1,19345.0,10558.0,3.0,0.985413198493113,1
5358,7922.0,0.0,10000.0,1,0,14235.0,4633.0,0.0,0.9050883586353488,8
5362,17909.0,0.0,5000.0,3,0,20075.0,7652.0,2.0,0.9927629491091936,1
5367,10053.0,1.0,5000.0,0,0,17520.0,10475.0,0.0,0.9809795279013334,1
5368,14102.0,1.0,10000.0,3,0,22630.0,9651.0,0.0,0.9899108680822583,1
5382,13845.0,0.0,10000.0,0,0,16425.0,56.0,4.0,0.9554652976575785,4
5385,8786.0,0.0,10000.0,0,1,16425.0,5194.0,1.0,0.9444691888044379,5
5387,15339.0,0.0,5000.0,0,0,14235.0,1706.0,1.0,0.9671145840030593,3
5397,7699.0,0.0,5000.0,0,0,19345.0,4672.0,1.0,0.9867997525235961,1
5399,16740.0,1.0,5000.0,0,1,16425.0,1600.0,3.0,0.9817456557210786,1
5400,4000.0,1.0,5000.0,3,1,11680.0,1626.0,2.0,0.9058362920680141,8
5404,6142.0,1.0,5000.0,0,1,16425.0,188.0,1.0,0.9717357603467441,2
5410,14545.0,1.0,5000.0,0,0,20440.0,13482.0,2.0,0.9922300508922819,1
5417,17313.0,1.0,10000.0,3,0,16425.0,1982.0,2.0,0.961121068866475,3
5432,15052.0,0.0,5000.0,3,1,12045.0,4349.0,4.0,0.9435882333788435,5
5436,12129.0,1.0,5000.0,2,0,15695.0,9002.0,1.0,0.9729682467558394,2
5438,15020.0,1.0,5000.0,0,0,17155.0,10577.0,0.0,0.983109095548313,1
5439,7179.0,0.0,5000.0,3,1,22995.0,6412.0,1.0,0.9944720255798749,1
5443,8110.0,1.0,10000.0,0,0,13870.0,6252.0,2.0,0.8972757602139823,9
5447,17850.0,0.0,10000.0,2,0,18250.0,4126.0,0.0,0.9753165135613678,2
5461,21370.0,0.0,20000.0,2,0,22995.0,15884.0,2.0,0.9666157525909087,3
5475,18085.0,0.0,5000.0,0,1,21170.0,3428.0,2.0,0.9945902001893187,1
5476,18038.0,0.0,5000.0,1,0,20440.0,10196.0,1.0,0.993368071481078,1
5480,12483.0,1.0,5000.0,0,0,18980.0,6657.0,1.0,0.9881240397668786,1
5491,6581.0,0.0,10000.0,2,1,17155.0,5696.0,0.0,0.9487884489614473,5
5504,18270.0,1.0,5000.0,3,1,9855.0,1914.0,0.0,0.9182282542315079,7
5505,16096.0,1.0,5000.0,2,0,21170.0,6896.0,0.0,0.9940486112107548,1
5508,9165.0,1.0,5000.0,0,0,16425.0,7775.0,2.0,0.9744704013756157,2
5512,9046.0,1.0,5000.0,2,1,14965.0,8184.0,3.0,0.9635013857927321,3
5529,12754.0,1.0,5000.0,0,1,10950.0,1055.0,3.0,0.921130413373468,7
5532,22147.0,0.0,5000.0,2,1,15330.0,7245.0,1.0,0.9806519587887205,1
5536,31204.0,1.0,5000.0,1,1,15695.0,996.0,0.0,0.9881385885445071,1
5548,10315.0,1.0,5000.0,0,0,21900.0,10142.0,0.0,0.9935831022264859,1
5549,13117.0,1.0,5000.0,2,0,18615.0,910.0,3.0,0.98758289718017,1
5550,9253.0,0.0,10000.0,0,0,18615.0,10821.0,1.0,0.9670446683726388,3
5561,8119.0,1.0,5000.0,2,0,20440.0,2469.0,2.0,0.9901559092146021,1
5566,24940.0,1.0,5000.0,0,0,22995.0,16382.0,2.0,0.9973162280382931,1
5567,11402.0,0.0,5000.0,0,1,14965.0,6424.0,1.0,0.9670553107293492,3
5570,14168.0,0.0,5000.0,0,1,22265.0,14381.0,0.0,0.9949519271722209,1
5573,14853.0,0.0,5000.0,0,0,20440.0,1653.0,3.0,0.9926143000693642,1
5577,54083.0,1.0,5000.0,0,1,6935.0,157.0,0.0,0.9618282841061983,3
5604,8731.0,1.0,5000.0,2,1,12775.0,5090.0,1.0,0.938557633365722,6
5610,13471.0,1.0,5000.0,0,0,14600.0,1768.0,2.0,0.9674540781745972,3
5632,30014.0,0.0,10000.0,0,0,9855.0,165.0,1.0,0.893260303559022,9
5636,10379.0,0.0,10000.0,0,1,15330.0,74.0,0.0,0.9337813628174416,6
5655,12955.0,1.0,10000.0,2,1,15330.0,4953.0,3.0,0.9393733671298491,6
5669,8593.0,0.0,10000.0,0,0,17885.0,9590.0,0.0,0.9598329275542615,4
5675,19085.0,1.0,10000.0,2,0,20805.0,2465.0,1.0,0.9874916670598569,1
5678,9708.0,1.0,5000.0,0,1,12775.0,4142.0,3.0,0.9410859020154788,5
5679,6867.0,0.0,5000.0,0,0,11315.0,2134.0,1.0,0.9083681152699679,8
5680,12762.0,0.0,10000.0,0,1,17155.0,6060.0,2.0,0.9601380438389862,4
5684,4626.0,0.0,10000.0,2,0,21170.0,8100.0,1.0,0.9786399548002317,1
5686,11364.0,1.0,5000.0,2,1,17885.0,169.0,0.0,0.9840563001798116,1
5692,30876.0,1.0,10000.0,2,1,19345.0,10889.0,1.0,0.9888181405016108,1
5698,12952.0,1.0,5000.0,0,0,15695.0,4910.0,0.0,0.9742083049741749,2
5700,8582.0,1.0,5000.0,3,1,21535.0,4364.0,0.0,0.9925822202361863,1
5702,13308.0,0.0,20000.0,3,0,21170.0,3117.0,2.0,0.9314970106668321,6
5710,34977.0,1.0,5000.0,0,1,20805.0,8231.0,1.0,0.9970661623728783,1
5713,9013.0,1.0,5000.0,3,1,14965.0,3982.0,1.0,0.9639238429446997,3
5719,11651.0,1.0,5000.0,2,1,20075.0,5301.0,0.0,0.9906403007375125,1
5720,26120.0,1.0,5000.0,0,0,22630.0,8467.0,4.0,0.9972761533520268,1
5726,8135.0,0.0,5000.0,2,0,16425.0,4252.0,1.0,0.9736462490154264,2
5729,5890.0,0.0,10000.0,3,0,19345.0,10258.0,0.0,0.9682826576306162,3
5742,20364.0,1.0,5000.0,2,0,21535.0,14227.0,1.0,0.9953546859256182,1
5757,22535.0,0.0,20000.0,1,1,22265.0,8764.0,0.0,0.9629263689472818,3
5758,11657.0,0.0,5000.0,2,0,17520.0,868.0,2.0,0.9827455357839507,1
5761,11156.0,0.0,10000.0,3,1,21900.0,2154.0,0.0,0.9866578860650728,1
5766,17657.0,0.0,20000.0,2,0,22630.0,7281.0,2.0,0.9586871210887781,4
5767,17010.0,1.0,5000.0,2,0,14600.0,1084.0,0.0,0.9719452021945343,2
5774,10264.0,1.0,5000.0,0,1,19345.0,6269.0,1.0,0.9880911769317082,1
5790,9563.0,1.0,10000.0,3,1,14600.0,201.0,3.0,0.919078259417599,7
5794,22574.0,1.0,5000.0,0,1,22995.0,2150.0,3.0,0.9971642938250299,1
5799,4805.0,1.0,5000.0,0,0,21535.0,10388.0,3.0,0.9911286328310199,1
5818,19010.0,1.0,20000.0,2,0,22265.0,8876.0,3.0,0.9571551631074793,4
5841,15176.0,1.0,10000.0,0,1,12045.0,550.0,3.0,0.8843211690919566,9
5844,19970.0,1.0,5000.0,0,0,9490.0,2848.0,2.0,0.9166306904147966,7
5850,20242.0,1.0,20000.0,2,1,22630.0,10265.0,0.0,0.9624950157233396,3
5851,7952.0,0.0,10000.0,2,1,17885.0,658.0,1.0,0.9598843247571878,4
5854,7913.0,1.0,10000.0,0,1,18615.0,3433.0,0.0,0.9659623957188967,3
5863,12365.0,0.0,10000.0,1,1,18980.0,1306.0,2.0,0.9742427377893735,2
5865,18559.0,0.0,5000.0,3,1,17520.0,7880.0,1.0,0.986798331155752,1
5882,10546.0,0.0,5000.0,0,1,14600.0,4781.0,3.0,0.9629453042755057,3
5898,35521.0,1.0,5000.0,2,0,12045.0,2196.0,1.0,0.9757991274644093,2
5908,14762.0,0.0,5000.0,0,1,13870.0,6825.0,0.0,0.9626607766250244,3
5911,10547.0,0.0,20000.0,0,1,20440.0,4401.0,0.0,0.9094436646262325,8
5923,8254.0,1.0,10000.0,0,1,14965.0,4322.0,4.0,0.9206657936372847,7
5926,21260.0,0.0,5000.0,0,0,14965.0,4869.0,1.0,0.9782219276414771,2
5931,8665.0,0.0,5000.0,2,1,11680.0,2209.0,2.0,0.9213550088097924,7
5932,14463.0,1.0,5000.0,2,1,17885.0,8885.0,0.0,0.9856111120500797,1
5934,12093.0,1.0,20000.0,1,0,20440.0,3789.0,1.0,0.9148821122334965,7
5941,28132.0,1.0,10000.0,1,0,10220.0,3643.0,0.0,0.8931807637874609,9
5948,22126.0,1.0,10000.0,0,0,10950.0,2691.0,1.0,0.8861245219556162,9
5963,9260.0,1.0,5000.0,0,0,10220.0,2337.0,1.0,0.8931661073543473,9
5964,7284.0,0.0,5000.0,1,1,20075.0,5541.0,1.0,0.9887372491816653,1
5971,14645.0,0.0,5000.0,2,0,18250.0,6337.0,0.0,0.9870463353460516,1
5977,10802.0,1.0,5000.0,2,0,18980.0,5035.0,0.0,0.9873180001676803,1
5983,9616.0,1.0,5000.0,2,0,13505.0,6809.0,3.0,0.9497722173788952,5
5986,15912.0,1.0,10000.0,2,0,15330.0,8081.0,1.0,0.945656060283166,5
6006,36898.0,1.0,10000.0,2,0,12045.0,3029.0,0.0,0.950378088791837,5
6009,10894.0,1.0,10000.0,2,1,14235.0,4349.0,4.0,0.9155020657046824,7
6016,11206.0,1.0,5000.0,2,0,18250.0,2753.0,3.0,0.9851994388917505,1
6027,24938.0,1.0,5000.0,2,0,17885.0,2192.0,0.0,0.9909420988000397,1
6036,17071.0,0.0,10000.0,0,0,20805.0,4004.0,3.0,0.9863185923978948,1
6042,19175.0,1.0,10000.0,0,1,18615.0,4424.0,3.0,0.9786008110469904,1
6044,8244.0,1.0,10000.0,2,0,22630.0,7131.0,2.0,0.9871872365079037,1
6048,12112.0,1.0,10000.0,0,0,18980.0,930.0,3.0,0.9740011735728495,2
6051,29163.0,1.0,10000.0,0,1,20805.0,2255.0,0.0,0.9918313166963331,1
6055,8208.0,0.0,20000.0,2,0,20440.0,7075.0,1.0,0.9001170681963798,8
6080,17664.0,1.0,5000.0,3,0,19345.0,1554.0,2.0,0.9914158733289492,1
6084,16519.0,0.0,5000.0,1,1,14965.0,560.0,0.0,0.9738262015703169,2
6100,28939.0,1.0,10000.0,2,1,9855.0,560.0,2.0,0.8886842653391127,9
6103,13547.0,0.0,10000.0,2,1,15330.0,5474.0,4.0,0.9407021530044425,5
6106,9338.0,1.0,20000.0,0,0,20440.0,452.0,3.0,0.9061899114365797,8
6107,11941.0,1.0,5000.0,0,0,21170.0,14421.0,0.0,0.9927307619940462,1
6113,9047.0,1.0,10000.0,3,0,22995.0,5169.0,1.0,0.9887442145681593,1
6121,23552.0,1.0,5000.0,0,0,9125.0,1156.0,1.0,0.9216533255500295,7
6143,14402.0,0.0,10000.0,0,0,13505.0,2949.0,1.0,0.9133831697894128,8
6150,13237.0,0.0,5000.0,0,1,14600.0,5324.0,0.0,0.9667736756593055,3
6167,53870.0,1.0,10000.0,1,1,8030.0,12.0,2.0,0.9363986789891512,6
6168,6862.0,1.0,10000.0,0,0,21535.0,5396.0,3.0,0.9823510505675528,1
6177,8587.0,0.0,10000.0,0,0,13505.0,3252.0,0.0,0.8915522242324595,9
6187,11167.0,0.0,10000.0,0,1,17155.0,900.0,4.0,0.958121239960361,4
6188,23183.0,1.0,5000.0,0,0,7665.0,977.0,2.0,0.889681823824669,9
6196,13869.0,0.0,10000.0,2,0,20075.0,4769.0,2.0,0.9812520624505495,1
6201,14601.0,1.0,5000.0,2,0,22995.0,8804.0,4.0,0.9959348858681816,1
6202,7584.0,0.0,5000.0,0,0,22630.0,3466.0,0.0,0.9941096187180991,1
6205,4495.0,1.0,10000.0,2,1,18250.0,6096.0,3.0,0.9569237183230792,4
6206,17904.0,1.0,10000.0,2,1,20805.0,12717.0,0.0,0.986420197788866,1
6211,13748.0,0.0,10000.0,3,0,12775.0,1223.0,0.0,0.8958672966470367,9
6214,14798.0,0.0,5000.0,0,1,10950.0,1670.0,1.0,0.9271020124002415,7
6218,11918.0,1.0,5000.0,0,1,12775.0,980.0,2.0,0.9466145567156684,5
6240,15389.0,1.0,20000.0,2,1,21900.0,11504.0,2.0,0.9454697965691871,5
6245,40022.0,0.0,20000.0,2,0,20805.0,2098.0,3.0,0.9749587668049071,2
6249,16061.0,1.0,10000.0,0,0,18980.0,11054.0,4.0,0.9772299972171894,2
6275,7832.0,1.0,10000.0,0,0,19345.0,3100.0,0.0,0.9713757075715335,2
6284,31227.0,1.0,10000.0,0,1,21900.0,11183.0,4.0,0.9941205057570666,1
6302,20451.0,1.0,5000.0,1,1,9125.0,1345.0,0.0,0.9115065299813482,8
6307,26635.0,1.0,5000.0,0,1,8395.0,661.0,3.0,0.918107854762801,7
6317,10478.0,1.0,10000.0,2,0,15330.0,4227.0,1.0,0.9332159226441245,6
6319,7066.0,1.0,5000.0,0,0,16790.0,2907.0,1.0,0.9748826169570637,2
6323,18887.0,1.0,5000.0,0,1,16425.0,9463.0,0.0,0.9828970458447334,1
6338,15012.0,0.0,5000.0,0,0,16790.0,2509.0,2.0,0.9819945105346422,1
6349,5232.0,1.0,5000.0,2,0,11680.0,3405.0,2.0,0.9097556193374812,8
6358,4534.0,0.0,5000.0,2,0,17155.0,2211.0,0.0,0.9745088022906868,2
6360,8539.0,1.0,5000.0,0,0,16425.0,196.0,4.0,0.9744113920614452,2
6365,4638.0,1.0,5000.0,0,1,18980.0,11292.0,0.0,0.9832398158462542,1
6367,10345.0,1.0,20000.0,2,0,21535.0,3797.0,0.0,0.9290351041236327,7
6373,19929.0,1.0,5000.0,0,1,13870.0,2317.0,0.0,0.9702430804457634,2
6374,9009.0,1.0,20000.0,3,1,21535.0,7825.0,0.0,0.9242857686806552,7
6387,33647.0,0.0,10000.0,2,1,15330.0,5688.0,2.0,0.9739305274829951,2
6393,6676.0,0.0,5000.0,3,0,19345.0,5998.0,0.0,0.9861612490432963,1
6398,6948.0,1.0,5000.0,2,0,19345.0,12217.0,0.0,0.986046662281341,1
6400,17814.0,1.0,10000.0,0,1,20075.0,4980.0,0.0,0.9840984809951411,1
6407,9582.0,1.0,10000.0,0,1,15695.0,3987.0,1.0,0.9364531713608175,6
6410,11379.0,1.0,10000.0,3,1,13140.0,2638.0,1.0,0.8944614184984484,9
6412,16520.0,1.0,20000.0,2,1,19345.0,2194.0,5.0,0.9086200513937126,8
6414,17159.0,1.0,20000.0,0,1,21900.0,406.0,2.0,0.9509226912620944,4
6422,13169.0,0.0,5000.0,0,0,14235.0,5786.0,4.0,0.9635838503957449,3
6425,11369.0,1.0,5000.0,2,1,20075.0,11526.0,0.0,0.990338810133352,1
6436,5465.0,1.0,5000.0,2,1,13140.0,615.0,0.0,0.9365478883722532,6
6441,6924.0,1.0,10000.0,2,0,17520.0,4.0,2.0,0.9544668201173689,4
6445,12060.0,1.0,10000.0,2,1,16790.0,2961.0,2.0,0.9556835874073134,4
6451,14941.0,0.0,10000.0,0,1,19345.0,3188.0,0.0,0.9786965778888489,1
6456,14396.0,1.0,10000.0,0,0,14600.0,6321.0,2.0,0.9319069604073807,6
6459,21529.0,1.0,5000.0,2,1,8395.0,263.0,3.0,0.9002883731116316,8
6470,12285.0,0.0,5000.0,1,0,20805.0,6211.0,1.0,0.9923641799129648,1
6475,11640.0,1.0,20000.0,0,0,20805.0,7948.0,3.0,0.9192856915725865,7
6480,24988.0,0.0,20000.0,2,1,18980.0,4695.0,2.0,0.9282036245887286,7
6481,26835.0,0.0,20000.0,0,1,21535.0,4311.0,5.0,0.9635106696908909,3
6482,7452.0,0.0,10000.0,2,1,14965.0,5607.0,2.0,0.9178207948887627,7
6485,15375.0,0.0,5000.0,3,0,15695.0,6028.0,1.0,0.9765994759629456,2
6486,7320.0,1.0,10000.0,2,0,14965.0,3741.0,1.0,0.9178479570465641,7
6489,20359.0,0.0,20000.0,0,1,19345.0,2789.0,2.0,0.9211963123321467,7
6492,7715.0,0.0,20000.0,0,1,22265.0,12082.0,3.0,0.9317819378645689,6
6499,19133.0,1.0,10000.0,2,0,21170.0,10008.0,1.0,0.9883092758996093,1
6506,15451.0,1.0,20000.0,2,0,22265.0,290.0,1.0,0.9517615900229925,4
6508,17486.0,1.0,10000.0,2,0,12045.0,2969.0,0.0,0.8932858444978775,9
6520,7292.0,0.0,5000.0,2,0,17885.0,8285.0,0.0,0.9806003235372334,1
6535,15507.0,0.0,10000.0,0,0,18615.0,4696.0,1.0,0.9750464175260795,2
6540,25113.0,0.0,10000.0,0,1,13505.0,244.0,0.0,0.943807452021898,5
6544,26289.0,0.0,5000.0,0,0,20075.0,5550.0,2.0,0.994960562639999,1
6545,23098.0,1.0,10000.0,2,0,21900.0,798.0,2.0,0.99197426003414,1
6560,6999.0,1.0,5000.0,2,0,15695.0,5247.0,1.0,0.9669655616576663,3
6567,10197.0,1.0,5000.0,2,1,15695.0,4777.0,0.0,0.9710977185173274,2
6587,8680.0,0.0,10000.0,2,1,13140.0,1233.0,0.0,0.8835566185764829,9
6589,7519.0,1.0,5000.0,0,0,21535.0,12691.0,1.0,0.9920323599660489,1
6592,15836.0,1.0,5000.0,3,1,22630.0,11314.0,0.0,0.9957444228956221,1
6602,10678.0,1.0,10000.0,2,0,13140.0,1481.0,0.0,0.8919641918515425,9
6623,11870.0,0.0,5000.0,0,1,10220.0,1814.0,1.0,0.9034783891908501,8
6627,13258.0,1.0,5000.0,1,1,13140.0,1465.0,1.0,0.9535376384831119,4
6629,14226.0,0.0,5000.0,3,1,14235.0,5493.0,2.0,0.9651646381495974,3
6636,10372.0,1.0,10000.0,3,1,15330.0,804.0,2.0,0.9336178391788708,6
6638,66819.0,1.0,30000.0,0,1,18250.0,2784.0,0.0,0.9287309886896099,7
6665,14880.0,1.0,20000.0,0,1,21900.0,14882.0,6.0,0.9437670771720126,5
6670,44290.0,0.0,5000.0,0,1,10950.0,302.0,1.0,0.9782285641068506,2
6672,9219.0,1.0,5000.0,2,0,15330.0,1536.0,0.0,0.9674727415605069,3
6679,10017.0,1.0,10000.0,2,1,21900.0,4326.0,1.0,0.9859065427982896,1
6700,8491.0,1.0,20000.0,0,1,21535.0,2990.0,1.0,0.9238246037480913,7
6705,14211.0,0.0,5000.0,3,0,11680.0,4377.0,6.0,0.9364615966156661,6
6717,11803.0,1.0,5000.0,0,0,9855.0,2107.0,6.0,0.8949278330847059,9
6721,25767.0,1.0,20000.0,2,0,21170.0,6039.0,3.0,0.9581886827758087,4
6729,6916.0,1.0,10000.0,0,1,13505.0,3280.0,0.0,0.8844581072772937,9
6733,15534.0,1.0,20000.0,0,1,20075.0,605.0,1.0,0.9199107608983189,7
6749,13731.0,1.0,10000.0,2,0,13140.0,410.0,2.0,0.9041839856882037,8
6752,12097.0,0.0,10000.0,3,0,21170.0,102.0,0.0,0.9847668573415062,1
6772,10108.0,0.0,5000.0,0,1,20075.0,12035.0,0.0,0.9897939722199482,1
6774,6274.0,1.0,10000.0,0,0,20075.0,5106.0,1.0,0.9742380835835346,2
6785,5362.0,0.0,10000.0,1,1,14965.0,5927.0,3.0,0.9107591935708936,8
6805,27132.0,1.0,10000.0,0,0,20805.0,2199.0,4.0,0.9911003944432624,1
6845,10100.0,1.0,20000.0,0,0,22630.0,2180.0,1.0,0.9447200947407806,5
6851,6303.0,1.0,5000.0,0,1,11315.0,1616.0,3.0,0.9064873417504024,8
6857,8590.0,0.0,10000.0,2,1,17155.0,1237.0,3.0,0.953434553046459,4
6861,9842.0,0.0,5000.0,0,1,14235.0,5874.0,1.0,0.9582527230904888,4
6864,12880.0,1.0,20000.0,2,0,21535.0,932.0,2.0,0.9363904103754337,6
6865,21080.0,0.0,5000.0,2,1,13870.0,6353.0,1.0,0.9712687227480086,2
6872,19069.0,1.0,5000.0,0,1,17885.0,4600.0,1.0,0.988306883713455,1
6875,7744.0,1.0,5000.0,2,0,18615.0,11730.0,4.0,0.9838937644537925,1
6885,11057.0,1.0,10000.0,2,0,15330.0,7086.0,3.0,0.9341764520567918,6
6892,11389.0,0.0,20000.0,0,1,20075.0,8847.0,3.0,0.9036022846393214,8
6902,13326.0,1.0,5000.0,0,0,17155.0,10273.0,1.0,0.9818839768811046,1
6905,9844.0,1.0,10000.0,0,1,22630.0,6350.0,1.0,0.9880518676233224,1
6908,15836.0,0.0,5000.0,3,0,18980.0,8036.0,3.0,0.9896448461610582,1
6909,13494.0,0.0,5000.0,0,0,17155.0,7895.0,1.0,0.9821453295675244,1
6914,9360.0,0.0,5000.0,2,1,13870.0,760.0,0.0,0.954294105976837,4
6916,10938.0,0.0,5000.0,2,1,11315.0,2831.0,4.0,0.9216695289584709,7
6918,10546.0,0.0,20000.0,0,1,19345.0,3762.0,0.0,0.8846369466357145,9
6919,9485.0,1.0,5000.0,2,0,13870.0,2628.0,0.0,0.9542650854247465,4
6925,15628.0,1.0,5000.0,2,0,14965.0,333.0,2.0,0.9728592772955379,2
6937,10780.0,1.0,10000.0,3,0,20805.0,9005.0,1.0,0.9819003191818927,1
6939,8166.0,1.0,5000.0,3,0,18250.0,7879.0,4.0,0.9829109021533632,1
6944,17835.0,1.0,5000.0,2,1,16425.0,4617.0,2.0,0.9823973016216354,1
6946,27905.0,1.0,5000.0,2,0,21535.0,4098.0,5.0,0.9967354249414764,1
6948,8633.0,0.0,5000.0,2,1,17155.0,6437.0,2.0,0.9782222121782639,2
6949,10496.0,1.0,5000.0,3,1,20440.0,5177.0,3.0,0.9910194331190071,1
6950,23705.0,1.0,20000.0,2,1,19345.0,7246.0,0.0,0.9300270112404883,7
6959,5583.0,1.0,5000.0,2,1,11315.0,4357.0,1.0,0.903084434228346,8
6961,10846.0,1.0,5000.0,3,1,13505.0,2907.0,1.0,0.9527830721455731,4
6966,11489.0,1.0,5000.0,0,0,17520.0,7646.0,1.0,0.9822482138065977,1
6970,10148.0,0.0,10000.0,3,0,18615.0,11581.0,0.0,0.968164542008423,3
6974,23325.0,0.0,5000.0,2,1,14965.0,3058.0,0.0,0.9801346408097095,1
6984,11304.0,0.0,10000.0,0,1,13140.0,869.0,3.0,0.8946952820442372,9
6990,15759.0,0.0,10000.0,0,1,17520.0,2243.0,5.0,0.9680871287235682,3
6993,10683.0,0.0,10000.0,1,1,13505.0,4615.0,2.0,0.8995024891988448,8
7022,36749.0,0.0,20000.0,2,0,18250.0,7281.0,1.0,0.9464197550642872,5
7025,6433.0,1.0,20000.0,0,1,20805.0,1108.0,0.0,0.9031366467952173,8
7027,11614.0,1.0,5000.0,2,0,18615.0,8355.0,1.0,0.9864561889517758,1
7030,28550.0,1.0,10000.0,2,1,13140.0,6211.0,0.0,0.9457292553230249,5
7037,23442.0,0.0,10000.0,0,0,22265.0,14880.0,2.0,0.9924385664732126,1
7047,9762.0,0.0,10000.0,2,1,13870.0,3928.0,1.0,0.904238118098089,8
7050,16887.0,1.0,10000.0,0,1,14965.0,2093.0,0.0,0.9441046305538674,5
7052,7700.0,1.0,10000.0,2,0,18980.0,2102.0,2.0,0.9686727867344619,3
7057,18196.0,0.0,5000.0,0,1,10220.0,925.0,3.0,0.924779050811412,7
7061,15892.0,1.0,10000.0,2,1,15695.0,5185.0,2.0,0.9505265924075826,5
7065,8306.0,1.0,5000.0,1,0,10950.0,3627.0,1.0,0.9054972521237478,8
7066,17693.0,1.0,10000.0,0,1,11680.0,3172.0,2.0,0.8851710409366704,9
7075,5268.0,0.0,5000.0,2,1,17520.0,6288.0,0.0,0.9770766428450292,2
7076,18224.0,0.0,5000.0,0,0,14965.0,3404.0,1.0,0.975398977289451,2
7078,16393.0,1.0,5000.0,2,0,12775.0,3187.0,0.0,0.9551744519480257,4
7083,36540.0,0.0,10000.0,2,1,20075.0,10876.0,0.0,0.9926450317741937,1
7088,13912.0,1.0,10000.0,0,1,21535.0,3500.0,0.0,0.9869524423682557,1
7093,14172.0,1.0,10000.0,2,1,17155.0,2131.0,2.0,0.9628308600384748,3
7102,10062.0,0.0,5000.0,1,1,13140.0,557.0,3.0,0.9472575615669565,5
7103,8355.0,1.0,20000.0,2,0,20805.0,563.0,3.0,0.9102172235689343,8
7107,8985.0,0.0,10000.0,1,0,17885.0,531.0,2.0,0.9615618287684591,3
7109,13697.0,0.0,5000.0,2,0,15695.0,1406.0,0.0,0.975267466234683,2
7113,21967.0,1.0,5000.0,3,1,22995.0,13564.0,4.0,0.9969818852077952,1
7127,14185.0,1.0,20000.0,2,1,22630.0,10130.0,0.0,0.9519913330832132,4
7132,13324.0,0.0,20000.0,2,1,22265.0,5381.0,0.0,0.9466020695312212,5
7133,12448.0,1.0,20000.0,2,0,20440.0,5485.0,2.0,0.9156341261022939,7
7135,7069.0,0.0,10000.0,1,1,18250.0,998.0,2.0,0.9618337093919915,3
7140,8527.0,1.0,5000.0,0,0,15330.0,2499.0,1.0,0.9664309660448334,3
7142,24457.0,1.0,20000.0,0,1,22995.0,2394.0,2.0,0.9718230667877261,2
7154,7619.0,1.0,20000.0,2,0,22995.0,15955.0,4.0,0.9415330424702163,5
7163,27459.0,1.0,20000.0,0,0,20805.0,13879.0,1.0,0.9564066667705842,4
7181,9766.0,0.0,5000.0,0,0,17520.0,689.0,3.0,0.9813339796621174,1
7184,11577.0,0.0,5000.0,0,1,9855.0,963.0,2.0,0.8943654755077234,9
7191,12750.0,0.0,5000.0,2,1,20440.0,10895.0,0.0,0.9916858175098167,1
7203,15202.0,1.0,5000.0,2,0,14600.0,173.0,0.0,0.9698500397481437,2
7206,7332.0,1.0,10000.0,0,1,14600.0,6653.0,1.0,0.9100325568466194,8
7208,12881.0,1.0,20000.0,0,1,20075.0,7451.0,0.0,0.909374160020415,8
7222,22110.0,1.0,20000.0,0,1,22265.0,4800.0,3.0,0.962733078715999,3
7227,16053.0,1.0,20000.0,2,1,22995.0,7613.0,1.0,0.9595155559101034,4
7232,7462.0,0.0,10000.0,0,1,19345.0,2250.0,1.0,0.9710105839089892,2
7235,8221.0,0.0,5000.0,2,0,11680.0,4334.0,4.0,0.9194683424826602,7
7250,27593.0,1.0,10000.0,0,1,11680.0,4094.0,2.0,0.9214045091161454,7
7259,6341.0,1.0,10000.0,3,1,20075.0,10210.0,1.0,0.9738964228068115,2
7263,20851.0,1.0,5000.0,1,0,15695.0,3175.0,1.0,0.981548974606562,1
7264,17451.0,1.0,5000.0,0,1,21900.0,15047.0,1.0,0.9951839275176451,1
7265,9697.0,1.0,10000.0,0,0,14600.0,3418.0,2.0,0.9187346151314645,7
7275,7042.0,1.0,5000.0,2,1,17885.0,8733.0,0.0,0.9803688013506536,1
7277,40195.0,0.0,30000.0,2,0,21900.0,5625.0,2.0,0.9112278755732133,8
7295,19635.0,1.0,5000.0,2,0,16425.0,6359.0,2.0,0.9835867502615957,1
7297,14703.0,1.0,5000.0,0,0,18980.0,5662.0,0.0,0.9892193427473147,1
7298,13023.0,1.0,5000.0,0,0,14965.0,2791.0,1.0,0.9695344135676383,2
7302,9980.0,0.0,5000.0,2,0,11680.0,1989.0,1.0,0.9253725936889436,7
7303,18750.0,1.0,10000.0,0,0,22995.0,6305.0,0.0,0.9925028914306977,1
7308,20357.0,0.0,10000.0,0,0,18615.0,8879.0,1.0,0.979344049750126,1
7317,28052.0,1.0,20000.0,0,0,18980.0,7675.0,0.0,0.9358674915447124,6
7330,8361.0,0.0,10000.0,2,1,14965.0,4863.0,0.0,0.9208719956155788,7
7336,22191.0,0.0,5000.0,2,0,14235.0,2036.0,2.0,0.975215670569903,2
7345,11300.0,0.0,5000.0,0,0,10220.0,657.0,3.0,0.9016674194352017,8
7348,8140.0,1.0,5000.0,0,0,10950.0,961.0,0.0,0.905623654891291,8
7349,36946.0,1.0,10000.0,0,1,13505.0,2539.0,0.0,0.9650551960927642,3
7351,8359.0,0.0,10000.0,0,0,14965.0,6610.0,1.0,0.9204561738734971,7
7357,13572.0,0.0,5000.0,2,0,20440.0,10366.0,1.0,0.9919834449107652,1
7358,11372.0,1.0,5000.0,2,1,14600.0,3553.0,0.0,0.9643178267344887,3
7365,7880.0,1.0,10000.0,0,1,21535.0,3146.0,1.0,0.9832078565595705,1
7368,13309.0,1.0,10000.0,0,1,17885.0,5677.0,4.0,0.9673083094124232,3
7383,6019.0,0.0,20000.0,0,0,22995.0,8976.0,0.0,0.9389582901902525,6
7384,15205.0,0.0,5000.0,0,0,9125.0,663.0,1.0,0.8919322680949907,9
7388,10967.0,0.0,5000.0,2,1,17520.0,9205.0,0.0,0.981766480037589,1
7397,12544.0,0.0,10000.0,2,0,16790.0,2582.0,0.0,0.9566001471339763,4
7401,25186.0,1.0,5000.0,0,1,20075.0,9495.0,3.0,0.9946521895004165,1
7404,11701.0,0.0,20000.0,0,0,19345.0,3034.0,1.0,0.8897987965208388,9
7407,26439.0,0.0,10000.0,0,1,14600.0,2755.0,2.0,0.9585686953269364,4
7410,12347.0,1.0,10000.0,1,0,18615.0,7764.0,1.0,0.971275358882773,2
7420,8321.0,0.0,5000.0,2,1,16790.0,9186.0,1.0,0.9756868491441807,2
7421,20794.0,1.0,5000.0,0,0,11680.0,4721.0,4.0,0.9512052002338416,4
7434,17897.0,0.0,5000.0,2,0,21170.0,885.0,0.0,0.9945909802529261,1
7436,25907.0,1.0,10000.0,0,1,13140.0,1447.0,2.0,0.9405062190098882,6
7446,24985.0,1.0,5000.0,0,1,9855.0,2897.0,1.0,0.9371289305696991,6
7448,13084.0,0.0,5000.0,2,1,16425.0,3156.0,1.0,0.9786268799384014,1
7463,10810.0,0.0,5000.0,0,0,13140.0,5295.0,0.0,0.9480852794561571,5
7473,17919.0,0.0,5000.0,2,0,13140.0,132.0,3.0,0.9617493674269519,3
7478,14430.0,1.0,5000.0,2,1,10220.0,1512.0,1.0,0.9126661088801202,8
7499,15413.0,1.0,5000.0,3,1,21535.0,10663.0,3.0,0.994333686439376,1
7511,14717.0,0.0,10000.0,0,0,13140.0,6548.0,1.0,0.9061026775141371,8
7522,8406.0,1.0,10000.0,2,1,22630.0,11762.0,1.0,0.987086210745625,1
7537,6283.0,1.0,5000.0,0,1,22995.0,8154.0,0.0,0.9942259278663964,1
7541,18277.0,0.0,10000.0,0,1,19345.0,1187.0,1.0,0.981585812214613,1
7552,11967.0,0.0,5000.0,0,1,14600.0,5644.0,0.0,0.9649544707070712,3
7564,19666.0,0.0,10000.0,0,0,17885.0,9789.0,0.0,0.9745511189237194,2
7566,11024.0,1.0,10000.0,0,0,13505.0,3411.0,0.0,0.901154271198105,8
7574,20627.0,1.0,10000.0,0,1,11315.0,594.0,0.0,0.8894511348182682,9
7578,6413.0,1.0,10000.0,0,0,18615.0,737.0,1.0,0.9640959983144368,3
7580,15527.0,1.0,5000.0,2,1,11680.0,4876.0,3.0,0.9396295404469661,6
7597,16168.0,1.0,5000.0,2,0,12045.0,2342.0,0.0,0.9463965563693083,5
7603,10616.0,1.0,10000.0,0,0,21170.0,14302.0,2.0,0.9830466421252004,1
7605,7580.0,1.0,5000.0,1,1,10950.0,3762.0,1.0,0.9027762871824516,8
7606,51737.0,0.0,20000.0,0,1,21170.0,6898.0,4.0,0.9857503081804266,1
7610,11578.0,1.0,20000.0,2,0,22995.0,3115.0,3.0,0.9520793904388549,4
7621,14478.0,0.0,5000.0,0,1,22265.0,10544.0,1.0,0.9950785813960947,1
7646,8690.0,1.0,20000.0,1,1,21170.0,10164.0,3.0,0.9160885428760385,7
7650,17840.0,0.0,20000.0,2,0,22265.0,7357.0,5.0,0.9552704049199482,4
7654,7003.0,0.0,10000.0,0,1,17885.0,2113.0,3.0,0.958109505400775,4
7663,20024.0,0.0,10000.0,0,1,13140.0,3776.0,2.0,0.924294311671904,7
7674,5614.0,1.0,20000.0,2,1,21535.0,2077.0,1.0,0.9149568723481069,7
7675,15962.0,1.0,5000.0,2,0,17155.0,7252.0,2.0,0.9839330185819426,1
7681,15530.0,1.0,20000.0,2,0,20075.0,5720.0,1.0,0.9186800142538183,7
7683,11913.0,0.0,5000.0,0,0,15330.0,5425.0,0.0,0.9705456550557477,2
7687,20623.0,1.0,20000.0,3,0,17885.0,10512.0,1.0,0.8892215403894956,9
7692,23449.0,1.0,20000.0,1,1,22995.0,12447.0,1.0,0.9696874712789265,2
7696,6157.0,1.0,10000.0,3,1,21900.0,11154.0,0.0,0.9830653808240731,1
7709,36193.0,1.0,20000.0,0,1,22995.0,15357.0,0.0,0.9820061511696225,1
7713,7326.0,0.0,5000.0,0,0,14965.0,7791.0,2.0,0.9608797049382325,3
7730,12214.0,0.0,5000.0,3,0,20075.0,212.0,0.0,0.9910070777114541,1
7735,36131.0,1.0,10000.0,0,0,22995.0,3878.0,5.0,0.9964411547050774,1
7744,11240.0,1.0,10000.0,2,1,22995.0,13668.0,2.0,0.9894580821556043,1
7745,12764.0,1.0,20000.0,2,0,22265.0,1792.0,1.0,0.9459737481363186,5
7751,9521.0,1.0,20000.0,2,1,21535.0,2881.0,4.0,0.9268825910534559,7
7752,13291.0,1.0,10000.0,0,1,20805.0,3959.0,1.0,0.9839659954727562,1
7758,11915.0,1.0,10000.0,2,1,13140.0,6533.0,3.0,0.8954350867530305,9
7770,11151.0,1.0,5000.0,0,1,22995.0,16421.0,2.0,0.9951776380142252,1
7781,5277.0,1.0,5000.0,2,1,20075.0,10695.0,3.0,0.9875412027444805,1
7782,14394.0,1.0,5000.0,0,1,14600.0,5745.0,0.0,0.9682812131887724,3
7784,21179.0,1.0,10000.0,0,1,21900.0,3412.0,0.0,0.9912230666280173,1
7810,6402.0,0.0,10000.0,2,1,17885.0,4309.0,2.0,0.9567780615220473,4
7823,15191.0,0.0,10000.0,2,1,17155.0,7019.0,3.0,0.9638119246533207,3
7824,8433.0,0.0,10000.0,0,0,14235.0,53.0,0.0,0.9081773073518685,8
7825,53944.0,0.0,5000.0,2,1,13505.0,1048.0,0.0,0.9922217118638698,1
7835,10780.0,1.0,10000.0,2,0,13870.0,6543.0,2.0,0.9072280130331362,8
7839,22835.0,0.0,5000.0,2,0,15330.0,2826.0,4.0,0.9814607580661225,1
7852,20243.0,0.0,5000.0,2,1,14235.0,5044.0,3.0,0.9728727643532581,2
7855,12634.0,1.0,5000.0,2,0,9855.0,1219.0,0.0,0.8984742449317618,9
7863,5962.0,1.0,20000.0,0,1,21900.0,6991.0,4.0,0.921678799699263,7
7873,16061.0,1.0,10000.0,0,1,17520.0,2879.0,4.0,0.9684202668243096,3
7874,3601.0,0.0,5000.0,0,1,17520.0,674.0,1.0,0.9758573443826298,2
7875,23506.0,1.0,5000.0,0,0,15330.0,8504.0,3.0,0.9816488750404586,1
7883,10663.0,0.0,10000.0,1,1,18615.0,1116.0,0.0,0.9698330227304576,2
7898,3174.0,1.0,5000.0,2,0,14235.0,4386.0,1.0,0.9455190146698782,5
7915,11586.0,0.0,5000.0,0,1,10220.0,3544.0,1.0,0.9019269003158137,8
7916,26018.0,0.0,5000.0,3,1,7665.0,887.0,2.0,0.9010270688340708,8
7918,32544.0,1.0,5000.0,0,1,16790.0,5496.0,5.0,0.9913113559919313,1
7920,15062.0,1.0,10000.0,0,1,21170.0,4368.0,0.0,0.9863690403508133,1
7924,14317.0,1.0,20000.0,0,1,19345.0,11472.0,1.0,0.8978139408744338,9
7926,14432.0,1.0,5000.0,2,1,11680.0,1691.0,3.0,0.937526971134746,6
7936,15067.0,1.0,10000.0,2,0,14600.0,4781.0,2.0,0.9340059062283249,6
7941,15109.0,1.0,5000.0,2,1,13505.0,4932.0,3.0,0.9600723592517574,4
7949,8722.0,1.0,5000.0,2,0,20075.0,9816.0,2.0,0.9892552191921499,1
7957,21898.0,1.0,10000.0,2,1,21900.0,11603.0,3.0,0.9912610157048336,1
7966,6015.0,0.0,5000.0,3,1,22995.0,14198.0,1.0,0.9940462177940323,1
7969,9606.0,0.0,5000.0,2,0,20075.0,525.0,2.0,0.9899497369680793,1
7989,7780.0,1.0,20000.0,0,0,20075.0,6552.0,0.0,0.89006054016091,9
7990,15492.0,0.0,5000.0,0,1,13505.0,5405.0,2.0,0.96063643201126,3
8014,16807.0,1.0,10000.0,2,1,16425.0,4772.0,1.0,0.959963847085221,4
8022,14821.0,1.0,5000.0,2,1,13505.0,829.0,1.0,0.9601063718706008,4
8025,8255.0,1.0,5000.0,0,0,17155.0,8776.0,0.0,0.9777131085502238,2
8039,14119.0,1.0,10000.0,2,1,22630.0,7076.0,3.0,0.9900002660770717,1
8045,7909.0,0.0,10000.0,0,0,20805.0,13228.0,3.0,0.9793181511064009,1
8059,15350.0,1.0,5000.0,0,0,9855.0,603.0,1.0,0.9087272398112022,8
8060,7702.0,1.0,5000.0,1,0,10950.0,3217.0,2.0,0.9033848021808499,8
8064,14434.0,1.0,5000.0,0,0,22265.0,2770.0,1.0,0.9951903134520806,1
8070,7024.0,1.0,5000.0,2,0,13140.0,541.0,1.0,0.9403994393396422,6
8078,11194.0,1.0,10000.0,3,0,15330.0,3652.0,1.0,0.9352059506439451,6
8085,23284.0,0.0,10000.0,2,0,19345.0,8994.0,6.0,0.9847005881732636,1
8088,11531.0,1.0,5000.0,1,0,20440.0,12899.0,4.0,0.9911900476626216,1
8095,6698.0,1.0,5000.0,2,1,18250.0,173.0,1.0,0.9822630109310548,1
8100,13080.0,1.0,10000.0,0,1,18615.0,1058.0,1.0,0.972711987607528,2
8113,11827.0,1.0,10000.0,0,1,17520.0,6664.0,2.0,0.961963594599948,3
8114,11561.0,1.0,5000.0,2,0,15330.0,2274.0,2.0,0.9704053345037501,2
8123,38995.0,1.0,20000.0,2,0,17885.0,2795.0,4.0,0.9474046712731233,5
8136,10356.0,1.0,10000.0,2,1,20805.0,4852.0,1.0,0.981815676537353,1
8143,19846.0,0.0,5000.0,0,0,12045.0,2042.0,3.0,0.9538613706925172,4
8149,12591.0,1.0,10000.0,0,0,16425.0,8539.0,0.0,0.9519019534575752,4
8157,13240.0,1.0,5000.0,2,1,15330.0,878.0,0.0,0.9725139343693768,2
8158,6418.0,1.0,5000.0,2,1,16790.0,1657.0,1.0,0.9742976377592293,2
8164,18734.0,1.0,5000.0,0,1,22630.0,8954.0,0.0,0.9962656011952684,1
8188,9010.0,1.0,5000.0,0,1,13140.0,5865.0,4.0,0.9440778329188289,5
8198,6808.0,0.0,10000.0,2,0,17885.0,8297.0,3.0,0.9569643398557772,4
8201,4485.0,1.0,5000.0,2,0,14600.0,2947.0,3.0,0.9527996760328007,4
8205,7217.0,0.0,10000.0,0,0,15695.0,4781.0,0.0,0.9300145652930595,7
8210,19963.0,1.0,5000.0,2,1,14600.0,1592.0,1.0,0.9751430392960404,2
8215,7598.0,1.0,5000.0,0,1,14600.0,8007.0,1.0,0.9577718455694031,4
8220,21545.0,1.0,20000.0,2,1,18615.0,4032.0,3.0,0.9108549661026104,8
8225,7837.0,1.0,5000.0,2,1,20075.0,5295.0,1.0,0.9890054624739013,1
8228,11096.0,1.0,5000.0,0,0,10220.0,2792.0,3.0,0.9002797883789545,8
8232,9944.0,1.0,10000.0,2,0,13870.0,3387.0,1.0,0.9050574430280538,8
8254,6076.0,0.0,5000.0,0,0,20440.0,6082.0,2.0,0.9891455406346074,1
8255,13854.0,1.0,5000.0,2,0,9855.0,1008.0,0.0,0.9031821073501382,8
8266,12136.0,1.0,5000.0,2,1,14235.0,2987.0,1.0,0.9623330289786572,3
8270,19492.0,1.0,5000.0,3,0,10220.0,3427.0,0.0,0.9279999318581119,7
8284,24998.0,0.0,10000.0,3,1,10950.0,3897.0,2.0,0.8975564077925944,9
8289,18483.0,1.0,5000.0,3,0,13505.0,2824.0,3.0,0.965463710992388,3
8295,13686.0,1.0,5000.0,2,1,9125.0,1181.0,1.0,0.8853590584622038,9
8306,6003.0,0.0,5000.0,0,0,17885.0,3506.0,2.0,0.9798318523227858,1
8316,19692.0,1.0,5000.0,0,0,13870.0,3302.0,0.0,0.9698575820525468,2
8317,24294.0,0.0,5000.0,3,1,18250.0,1138.0,4.0,0.9915200062443147,1
8337,37603.0,1.0,5000.0,3,0,14235.0,6200.0,1.0,0.9868274427512007,1
8338,15489.0,1.0,20000.0,3,0,20440.0,9955.0,1.0,0.924127499787119,7
8345,4732.0,0.0,5000.0,2,0,14600.0,4504.0,3.0,0.95304802254509,4
8353,12702.0,0.0,10000.0,2,0,20440.0,7548.0,2.0,0.9818300330470281,1
8355,33999.0,0.0,5000.0,0,1,22265.0,13968.0,0.0,0.9978297707991945,1
8371,11721.0,0.0,10000.0,2,0,22995.0,15440.0,1.0,0.9896116049000662,1
8386,11842.0,0.0,20000.0,2,0,21535.0,9161.0,2.0,0.9320482263880825,6
8394,7375.0,0.0,5000.0,0,0,19345.0,3949.0,0.0,0.986649151337781,1
8400,9168.0,1.0,10000.0,0,1,22265.0,8392.0,2.0,0.9864694748888952,1
8401,11734.0,1.0,10000.0,2,1,21535.0,6474.0,1.0,0.9855654262318382,1
8432,9088.0,0.0,20000.0,0,0,21900.0,5081.0,1.0,0.9311714157118504,6
8441,18349.0,1.0,5000.0,0,0,20805.0,10630.0,0.0,0.9940100711306677,1
8443,25679.0,0.0,5000.0,3,1,13140.0,2813.0,1.0,0.9719939807185183,2
8457,27322.0,1.0,10000.0,0,0,21535.0,12562.0,0.0,0.9923762329091775,1
8462,44292.0,1.0,5000.0,3,1,16790.0,4834.0,2.0,0.9947285045732329,1
8468,12182.0,1.0,5000.0,0,0,13870.0,75.0,1.0,0.9593514303353241,4
8469,28799.0,1.0,10000.0,0,0,22630.0,3124.0,3.0,0.994695561748512,1
8470,9190.0,0.0,10000.0,0,0,17520.0,1675.0,1.0,0.9582730788994354,4
8472,17534.0,1.0,10000.0,0,0,17885.0,8877.0,4.0,0.9722751325928486,2
8475,8449.0,1.0,10000.0,2,0,21535.0,647.0,0.0,0.9837326984656424,1
8485,8321.0,0.0,10000.0,0,0,16790.0,7694.0,2.0,0.9476692556957165,5
8499,18068.0,0.0,5000.0,2,1,12775.0,3786.0,0.0,0.9580582588814309,4
8503,6942.0,1.0,10000.0,0,0,17155.0,8696.0,1.0,0.9490678894304139,5
8509,38306.0,1.0,20000.0,2,1,17520.0,1856.0,4.0,0.9412621365070909,5
8519,18855.0,0.0,10000.0,2,1,17885.0,5359.0,1.0,0.9740410808673359,2
8524,13977.0,1.0,5000.0,2,0,14600.0,1316.0,1.0,0.968171471945177,3
8549,12011.0,1.0,5000.0,0,1,12775.0,583.0,2.0,0.9468787693270612,5
8554,13448.0,0.0,5000.0,2,0,21170.0,10312.0,3.0,0.993268927502163,1
8563,44329.0,1.0,20000.0,0,0,18615.0,10202.0,1.0,0.9635957868195377,3
8568,24487.0,1.0,10000.0,0,1,17520.0,9362.0,0.0,0.9772835134501316,2
8585,9906.0,1.0,10000.0,0,0,15695.0,4521.0,3.0,0.9371696541992616,6
8587,18581.0,0.0,5000.0,2,0,14235.0,3746.0,2.0,0.9710554551400861,2
8602,3118.0,1.0,10000.0,0,1,20075.0,7485.0,1.0,0.970417045289374,2
8604,18458.0,1.0,5000.0,0,0,14235.0,109.0,3.0,0.9712356011515968,2
8605,15504.0,0.0,10000.0,3,1,22995.0,11093.0,1.0,0.9912673111978471,1
8608,34779.0,1.0,5000.0,3,1,17885.0,3545.0,2.0,0.9940023199219287,1
8612,14034.0,1.0,20000.0,0,0,21535.0,4309.0,0.0,0.9386382316851664,6
8629,14562.0,1.0,10000.0,0,1,20075.0,12286.0,2.0,0.9813516170807696,1
8631,8468.0,0.0,10000.0,0,1,18615.0,6753.0,2.0,0.966387649099888,3
8634,5808.0,1.0,10000.0,1,0,14235.0,4931.0,1.0,0.8969673546027769,9
8639,28542.0,1.0,10000.0,0,1,14600.0,2541.0,0.0,0.9620127937616226,3
8645,4265.0,1.0,10000.0,0,0,14235.0,6114.0,1.0,0.8903549290692931,9
8646,14237.0,0.0,10000.0,2,1,14235.0,3435.0,1.0,0.9260985846970978,7
8660,14952.0,1.0,5000.0,0,1,18980.0,8431.0,0.0,0.9892377870164001,1
8670,11007.0,0.0,5000.0,0,0,20805.0,4246.0,1.0,0.9919901735693493,1
8673,31522.0,0.0,5000.0,3,0,13140.0,3833.0,0.0,0.9779650373642941,2
8683,15219.0,0.0,5000.0,0,1,14235.0,3618.0,3.0,0.9667547474680763,3
8686,16684.0,0.0,10000.0,0,1,17155.0,3953.0,2.0,0.9662903487496592,3
